uid,user_role,name_last,name_first,email,phone,region,created_at
1,User,Issacov,Dominga,dissacov0@booking.com,903 992 5643,Malaysia,11/11/2023
2,User,Lafferty,Montague,mlafferty1@arstechnica.com,656 507 8187,Cambodia,2/6/2024
3,User,Rimmer,Hesther,hrimmer2@so-net.ne.jp,929 163 9135,Albania,7/8/2023
4,User,Caesman,Ali,acaesman3@indiegogo.com,276 633 5922,China,2/7/2024
5,User,Zorener,Huntington,hzorener4@businessweek.com,434 804 8076,Spain,7/10/2023
6,User,Uzzell,Yoko,yuzzell5@bbc.co.uk,647 980 6433,France,3/26/2023
7,User,Sparks,Trueman,tsparks6@digg.com,392 953 6140,Russia,8/21/2023
8,User,Clausen-Thue,Syd,sclausenthue7@walmart.com,281 801 1994,Portugal,7/24/2023
9,User,O'Henehan,Sarina,sohenehan8@google.it,382 358 5180,China,11/9/2023
10,User,Civitillo,Abel,acivitillo9@seattletimes.com,193 893 3186,Russia,4/2/2023
11,User,Giraux,Bridget,bgirauxa@vistaprint.com,551 435 7427,Indonesia,1/14/2024
12,User,Wych,Nehemiah,nwychb@geocities.jp,174 790 4854,Bolivia,5/5/2023
13,User,Garey,Hershel,hgareyc@mediafire.com,844 372 6154,Palestinian Territory,7/14/2023
14,User,Pole,Wheeler,wpoled@plala.or.jp,450 915 2583,South Africa,3/16/2023
15,User,Barlthrop,Morissa,mbarlthrope@nationalgeographic.com,202 114 6404,United States,12/8/2023
16,User,Bosanko,Margo,mbosankof@stumbleupon.com,976 427 8249,Czech Republic,7/29/2023
17,User,Hackinge,Clarence,chackingeg@cdc.gov,405 914 4826,Guyana,4/1/2023
18,User,Bahlmann,Danit,dbahlmannh@constantcontact.com,240 932 6862,United States,9/19/2023
19,User,Missenden,Katti,kmissendeni@pagesperso-orange.fr,303 368 0015,China,3/29/2023
20,User,Heavyside,Erik,eheavysidej@businessinsider.com,275 426 3349,Peru,6/19/2023
21,User,Master,Joya,jmasterk@rediff.com,683 937 1494,Pakistan,7/3/2023
22,User,Hulk,Bekki,bhulkl@amazon.com,543 101 2860,Indonesia,7/3/2023
23,User,Grangier,Jada,jgrangierm@e-recht24.de,294 497 7245,Brazil,8/2/2023
24,User,Feedham,Cleon,cfeedhamn@ifeng.com,191 408 1875,Brazil,10/23/2023
25,User,Peerless,Eugenius,epeerlesso@alibaba.com,460 473 3602,Bulgaria,6/6/2023
26,User,Krug,Northrup,nkrugp@amazonaws.com,928 292 5407,Portugal,5/31/2023
27,User,Stroyan,Teodoor,tstroyanq@friendfeed.com,291 659 2271,New Zealand,7/20/2023
28,User,Burdge,Waylin,wburdger@alexa.com,788 136 5252,Malaysia,2/6/2024
29,User,Brunsen,Catriona,cbrunsens@infoseek.co.jp,200 324 0320,Russia,7/16/2023
30,User,Ruttgers,Star,sruttgerst@mac.com,594 793 7803,Nicaragua,12/24/2023
31,User,Roland,Rafaellle,rrolandu@alibaba.com,318 427 8276,China,5/30/2023
32,User,Bloggett,Gwennie,gbloggettv@umich.edu,770 448 9878,Armenia,8/6/2023
33,User,Gribben,Barny,bgribbenw@lycos.com,361 930 9296,Ivory Coast,5/12/2023
34,User,Ridde,Barry,briddex@imgur.com,738 861 6862,Russia,2/17/2024
35,User,Acreman,Reggy,racremany@mapquest.com,978 869 4129,Indonesia,6/8/2023
36,User,Larwood,Sampson,slarwoodz@columbia.edu,303 127 6883,United States,3/26/2023
37,User,McGuinness,Petey,pmcguinness10@netscape.com,439 631 9506,Bhutan,6/10/2023
38,User,Tomczykiewicz,Valenka,vtomczykiewicz11@wix.com,486 539 5822,China,3/3/2024
39,User,Tarbard,Rollie,rtarbard12@woothemes.com,903 459 5095,Peru,1/8/2024
40,User,Joist,Trixy,tjoist13@army.mil,152 210 1474,South Africa,10/17/2023
41,User,Olpin,Clement,colpin14@reddit.com,325 661 7133,Japan,9/3/2023
42,User,Zannini,Karia,kzannini15@blinklist.com,509 688 9083,Malaysia,12/28/2023
43,User,Ballin,Bertina,bballin16@discovery.com,464 771 0325,China,4/2/2023
44,User,Duignan,Sheryl,sduignan17@nbcnews.com,196 381 2489,Colombia,5/12/2023
45,User,Cleverly,Filmer,fcleverly18@1688.com,535 440 3890,Indonesia,5/16/2023
46,User,Tackley,Lucila,ltackley19@illinois.edu,823 136 1392,China,5/18/2023
47,User,Fandrich,Helene,hfandrich1a@tripadvisor.com,145 525 8371,Philippines,3/12/2023
48,User,Surpliss,Michele,msurpliss1b@ca.gov,598 589 5739,China,1/4/2024
49,User,Sagar,Zorah,zsagar1c@theglobeandmail.com,322 693 2692,Israel,6/25/2023
50,User,Fruser,Colver,cfruser1d@comcast.net,392 988 4083,China,3/3/2024
51,User,McKinty,Alfie,amckinty1e@dyndns.org,398 811 3096,China,7/27/2023
52,User,Lapham,Theressa,tlapham1f@phpbb.com,768 481 4205,Honduras,5/19/2023
53,User,Buie,Gayle,gbuie1g@mayoclinic.com,842 279 0260,China,4/26/2023
54,User,Petrus,Ahmad,apetrus1h@washington.edu,921 667 3453,China,2/24/2024
55,User,Hoodlass,Abel,ahoodlass1i@oaic.gov.au,488 952 9841,Brazil,6/6/2023
56,User,Heeley,Sim,sheeley1j@desdev.cn,772 899 7817,Ireland,4/8/2023
57,User,Tidbald,Edouard,etidbald1k@i2i.jp,862 145 2656,Indonesia,10/17/2023
58,User,Aspin,Sherwood,saspin1l@google.com,644 144 9441,China,2/26/2024
59,User,Djokic,Hilton,hdjokic1m@fc2.com,210 536 3398,Russia,11/18/2023
60,User,Vasyutichev,Birch,bvasyutichev1n@toplist.cz,523 757 9351,Guam,4/5/2023
61,User,Valti,Talia,tvalti1o@princeton.edu,477 508 8969,China,11/3/2023
62,User,Sharp,Glennie,gsharp1p@posterous.com,473 819 9057,Russia,10/15/2023
63,User,Sexten,Antonina,asexten1q@google.ru,315 913 4479,United States,10/17/2023
64,User,Osbourn,Jacquelin,josbourn1r@php.net,806 355 4680,China,6/14/2023
65,User,Lapham,Rebbecca,rlapham1s@arizona.edu,790 452 4797,Cameroon,6/10/2023
66,User,Petrashkov,Ruthy,rpetrashkov1t@techcrunch.com,357 253 8409,Portugal,8/24/2023
67,User,Janway,Ivette,ijanway1u@webeden.co.uk,800 744 8548,Philippines,8/5/2023
68,User,Iwanicki,Benson,biwanicki1v@walmart.com,953 950 6502,Philippines,10/25/2023
69,User,Standbridge,Fenelia,fstandbridge1w@lulu.com,563 219 0263,China,5/31/2023
70,User,Cripwell,Teddie,tcripwell1x@tinyurl.com,717 820 3912,Kazakhstan,1/8/2024
71,User,Bonson,Cy,cbonson1y@cdc.gov,960 389 4044,China,4/7/2023
72,User,Hayer,Donetta,dhayer1z@meetup.com,902 178 7122,Jordan,6/4/2023
73,User,Frankham,Budd,bfrankham20@auda.org.au,821 927 3361,China,5/14/2023
74,User,Cusack,Carolyne,ccusack21@gov.uk,743 351 5245,Thailand,8/17/2023
75,User,Bartoleyn,Noel,nbartoleyn22@last.fm,342 543 8786,Indonesia,1/17/2024
76,User,Blezard,Jessalyn,jblezard23@pbs.org,608 857 1146,France,8/12/2023
77,User,Leidl,Salomon,sleidl24@jugem.jp,702 120 0457,Czech Republic,10/21/2023
78,User,Griswood,Alasteir,agriswood25@sitemeter.com,544 511 5636,Mexico,7/13/2023
79,User,Deeson,Ruy,rdeeson26@shareasale.com,312 900 6769,Malawi,6/2/2023
80,User,Saunderson,Allyce,asaunderson27@mlb.com,281 531 7097,United States,5/23/2023
81,User,Theodoris,Dale,dtheodoris28@smugmug.com,200 546 5238,Mexico,5/7/2023
82,User,Thrush,Jeniece,jthrush29@1und1.de,429 166 3334,Russia,6/29/2023
83,User,Windrus,Merle,mwindrus2a@ucla.edu,529 449 7666,Indonesia,6/13/2023
84,User,Danilov,Jory,jdanilov2b@jigsy.com,279 834 7561,Lithuania,11/28/2023
85,User,Dungate,Julie,jdungate2c@slashdot.org,881 398 2005,China,4/15/2023
86,User,Flack,Annamaria,aflack2d@statcounter.com,966 698 5995,France,1/16/2024
87,User,Gallehawk,Sofia,sgallehawk2e@macromedia.com,948 721 6934,China,12/13/2023
88,User,Handley,Jennine,jhandley2f@unblog.fr,212 802 0850,Poland,12/16/2023
89,User,Chill,Wallas,wchill2g@state.tx.us,471 313 0536,China,3/3/2024
90,User,Asmus,Andrea,aasmus2h@who.int,363 430 4787,Laos,2/13/2024
91,User,Towell,Ezmeralda,etowell2i@discuz.net,420 944 0481,Canada,12/31/2023
92,User,Hewertson,Kile,khewertson2j@geocities.jp,351 472 5578,Brazil,7/26/2023
93,User,Faragan,Merl,mfaragan2k@yahoo.com,688 977 3531,Belize,7/4/2023
94,User,Thompson,Krystle,kthompson2l@vinaora.com,552 758 2211,Thailand,6/30/2023
95,User,Prue,Gaston,gprue2m@google.ca,678 948 8675,Russia,11/10/2023
96,User,Fochs,Townsend,tfochs2n@ft.com,708 288 6906,Sweden,6/15/2023
97,User,Jagson,Keane,kjagson2o@state.tx.us,731 852 7889,China,4/4/2023
98,User,Cambling,Gipsy,gcambling2p@japanpost.jp,257 701 3928,Indonesia,10/17/2023
99,User,Parris,Gisele,gparris2q@spiegel.de,771 662 5613,China,5/14/2023
100,User,Caldow,Gunar,gcaldow2r@amazon.co.jp,975 281 4779,Sweden,2/12/2024
101,User,Sieb,Jennee,jsieb2s@cornell.edu,501 203 4694,Thailand,3/2/2024
102,User,Cradey,Gennie,gcradey2t@zdnet.com,143 244 9186,Russia,3/9/2024
103,User,Glenister,Nedda,nglenister2u@discovery.com,890 229 5168,Tanzania,3/15/2023
104,User,Cranstoun,Kristien,kcranstoun2v@com.com,284 961 2592,Ukraine,9/17/2023
105,User,Laurencot,Sonnie,slaurencot2w@reuters.com,117 745 2980,Indonesia,8/26/2023
106,User,Spyer,Honor,hspyer2x@eventbrite.com,319 481 8502,Colombia,12/14/2023
107,User,McEachern,Diane-marie,dmceachern2y@usgs.gov,162 864 0948,Croatia,12/30/2023
108,User,Bonus,Damaris,dbonus2z@reddit.com,580 597 9458,China,11/18/2023
109,User,Hauxwell,Paloma,phauxwell30@nymag.com,888 372 1644,China,9/2/2023
110,User,Ellcock,Fran,fellcock31@arizona.edu,962 444 6798,Kazakhstan,1/6/2024
111,User,Grodden,Wilow,wgrodden32@github.io,264 894 0149,Philippines,3/14/2023
112,User,Snibson,Stoddard,ssnibson33@senate.gov,838 965 4338,China,9/13/2023
113,User,Connock,Tedmund,tconnock34@sbwire.com,269 651 0932,France,7/9/2023
114,User,Halpen,Howie,hhalpen35@forbes.com,434 769 8933,United States,8/11/2023
115,User,Jurek,Erastus,ejurek36@narod.ru,766 850 9758,Japan,8/27/2023
116,User,Wint,Gus,gwint37@msu.edu,487 543 2720,Indonesia,12/6/2023
117,User,Palister,Corrie,cpalister38@gov.uk,773 731 2262,Argentina,5/22/2023
118,User,Fincke,Edmon,efincke39@squarespace.com,245 309 9108,Panama,9/28/2023
119,User,Borzone,Brena,bborzone3a@europa.eu,997 919 9025,Philippines,3/25/2023
120,User,Hillaby,Bobine,bhillaby3b@utexas.edu,980 707 1674,Russia,10/18/2023
121,User,Uzzell,Clemens,cuzzell3c@dell.com,654 845 7997,Peru,12/6/2023
122,User,Linzey,Westbrook,wlinzey3d@hibu.com,626 595 0969,Sweden,12/2/2023
123,User,Double,Essy,edouble3e@trellian.com,411 741 1228,Brazil,9/7/2023
124,User,Guenther,Cort,cguenther3f@state.gov,552 668 4861,Sweden,8/15/2023
125,User,Worsalls,Sharleen,sworsalls3g@wix.com,640 853 0421,Jamaica,2/19/2024
126,User,Kedward,Kenyon,kkedward3h@gravatar.com,666 967 7042,Japan,6/6/2023
127,User,Vasyukov,Carr,cvasyukov3i@last.fm,140 333 8712,Dominican Republic,4/1/2023
128,User,Campling,Berthe,bcampling3j@merriam-webster.com,716 183 6157,Finland,12/5/2023
129,User,Brighty,Wiley,wbrighty3k@forbes.com,934 281 1248,Azerbaijan,10/17/2023
130,User,Blunn,Moshe,mblunn3l@unesco.org,866 993 8839,Russia,11/3/2023
131,User,Avrasin,Clem,cavrasin3m@wikispaces.com,343 932 2778,Philippines,11/5/2023
132,User,Ivanyushkin,Aindrea,aivanyushkin3n@squarespace.com,905 128 2300,Sweden,3/2/2024
133,User,Walak,Lou,lwalak3o@simplemachines.org,307 972 1531,Canada,11/6/2023
134,User,Kuschel,Risa,rkuschel3p@foxnews.com,545 921 2599,China,4/16/2023
135,User,Barajaz,Whitby,wbarajaz3q@e-recht24.de,671 966 7927,China,12/30/2023
136,User,Wherrit,Lezlie,lwherrit3r@msu.edu,103 309 3874,China,11/12/2023
137,User,Harken,Bendite,bharken3s@blogspot.com,735 799 5208,Canada,6/4/2023
138,User,Stovin,Stefania,sstovin3t@indiegogo.com,423 858 4789,Brazil,4/7/2023
139,User,Dingivan,Bax,bdingivan3u@qq.com,334 339 7481,Indonesia,9/7/2023
140,User,Allery,Rutger,rallery3v@biglobe.ne.jp,760 368 4010,Mexico,12/29/2023
141,User,Welburn,Forest,fwelburn3w@cpanel.net,942 844 3432,Colombia,5/24/2023
142,User,Wales,Valentin,vwales3x@quantcast.com,110 103 7297,China,6/20/2023
143,User,Libero,Josiah,jlibero3y@buzzfeed.com,371 697 1166,China,7/12/2023
144,User,Jedrys,Antonietta,ajedrys3z@unc.edu,233 501 9796,China,8/27/2023
145,User,Gunderson,Marketa,mgunderson40@bbb.org,587 323 2260,France,5/30/2023
146,User,McBay,Ximenez,xmcbay41@fastcompany.com,407 767 6140,China,2/24/2024
147,User,Pinnington,Petronilla,ppinnington42@eventbrite.com,996 660 3386,China,3/16/2023
148,User,Salleir,Rickert,rsalleir43@wikia.com,848 856 8462,Thailand,9/12/2023
149,User,Vost,Stefan,svost44@constantcontact.com,567 167 3070,Russia,10/19/2023
150,User,Corwood,Glynis,gcorwood45@census.gov,966 149 6752,Indonesia,4/6/2023
151,User,Selvester,Guenna,gselvester46@pinterest.com,939 250 3926,Brazil,3/18/2023
152,User,O'Dempsey,Shelden,sodempsey47@blogspot.com,961 696 2695,Indonesia,2/6/2024
153,User,Conyer,Rana,rconyer48@wikimedia.org,266 376 5777,China,6/22/2023
154,User,Leipelt,Sharon,sleipelt49@hubpages.com,812 288 2642,Nigeria,7/21/2023
155,User,Gandy,Raynell,rgandy4a@examiner.com,721 121 7729,Brazil,3/4/2024
156,User,Geldard,Kevin,kgeldard4b@japanpost.jp,333 696 1045,Argentina,5/16/2023
157,User,Causley,Cyrill,ccausley4c@over-blog.com,352 288 0279,Philippines,2/11/2024
158,User,Jarrel,Beryle,bjarrel4d@mlb.com,490 893 7958,Bosnia and Herzegovina,3/22/2023
159,User,Shuter,Ive,ishuter4e@t.co,446 926 3103,Indonesia,11/18/2023
160,User,Maiden,Annice,amaiden4f@bing.com,614 432 7952,Russia,12/25/2023
161,User,Fazakerley,Loleta,lfazakerley4g@google.co.jp,961 105 1386,Mexico,10/3/2023
162,User,Kneel,Julita,jkneel4h@netvibes.com,252 524 3513,Armenia,7/18/2023
163,User,Barrasse,Jefferey,jbarrasse4i@ameblo.jp,537 535 2012,China,2/2/2024
164,User,Limb,Taddeo,tlimb4j@com.com,507 732 8310,Chad,12/19/2023
165,User,Burt,Irwinn,iburt4k@technorati.com,973 906 2359,Bolivia,11/24/2023
166,User,Kornacki,Ezra,ekornacki4l@feedburner.com,812 549 1468,China,9/24/2023
167,User,Giacomoni,Patrizia,pgiacomoni4m@wufoo.com,243 931 6181,Indonesia,4/27/2023
168,User,Flacknell,Ricki,rflacknell4n@jalbum.net,651 208 2442,Bosnia and Herzegovina,6/25/2023
169,User,Lockley,Matthew,mlockley4o@behance.net,181 746 7661,China,9/8/2023
170,User,Uff,Gardiner,guff4p@com.com,759 754 4088,China,6/19/2023
171,User,Scruton,Northrop,nscruton4q@vkontakte.ru,406 115 0612,Palestinian Territory,10/10/2023
172,User,Darlow,Zaria,zdarlow4r@sitemeter.com,218 481 7414,China,12/15/2023
173,User,Sullly,Nobie,nsullly4s@paginegialle.it,650 748 6076,Botswana,4/18/2023
174,User,Francomb,Margarette,mfrancomb4t@washington.edu,754 958 3023,Indonesia,6/9/2023
175,User,Rubrow,Cammie,crubrow4u@eepurl.com,154 830 8534,Sweden,7/20/2023
176,User,Knight,Meris,mknight4v@sourceforge.net,473 421 4928,Canada,3/12/2023
177,User,Critchlow,Aluin,acritchlow4w@usatoday.com,936 733 1004,China,6/24/2023
178,User,Rathke,Sabina,srathke4x@woothemes.com,850 510 7934,Russia,3/30/2023
179,User,Ditchburn,Freddy,fditchburn4y@google.co.jp,157 667 3595,Sweden,3/14/2023
180,User,Whipp,Natividad,nwhipp4z@blogspot.com,514 868 8702,Dominican Republic,3/31/2023
181,User,McFaell,Paulette,pmcfaell50@baidu.com,179 565 7554,Ukraine,12/29/2023
182,User,Cronin,Gabriellia,gcronin51@telegraph.co.uk,214 194 8369,United States,3/12/2023
183,User,Dollar,Bridget,bdollar52@ucsd.edu,150 571 6672,United Kingdom,6/21/2023
184,User,Spaice,Trixi,tspaice53@xrea.com,704 574 3917,Tunisia,4/23/2023
185,User,McGiven,Mortimer,mmcgiven54@rakuten.co.jp,905 575 7814,Azerbaijan,2/14/2024
186,User,Shepperd,Arel,ashepperd55@w3.org,243 596 8611,Sweden,12/15/2023
187,User,Iamittii,Roberto,riamittii56@ft.com,596 178 8020,Argentina,1/2/2024
188,User,Emmot,Antonietta,aemmot57@mozilla.org,690 340 8813,Peru,12/5/2023
189,User,Trever,Adrianna,atrever58@latimes.com,318 545 9699,France,10/1/2023
190,User,Corneliussen,Marjorie,mcorneliussen59@patch.com,900 308 5143,Philippines,12/9/2023
191,User,Ackery,Codi,cackery5a@msu.edu,714 464 4289,Canada,3/15/2023
192,User,Rickasse,Sean,srickasse5b@ezinearticles.com,272 556 2565,Thailand,11/3/2023
193,User,Shackesby,Ulrika,ushackesby5c@theglobeandmail.com,542 556 3727,China,5/31/2023
194,User,Goshawke,Laurene,lgoshawke5d@flickr.com,311 926 8775,China,12/14/2023
195,User,Pountney,Liva,lpountney5e@engadget.com,551 523 8200,Poland,10/31/2023
196,User,Mapples,Eldin,emapples5f@cisco.com,493 731 8635,Moldova,5/29/2023
197,User,Eden,Raymond,reden5g@imageshack.us,864 598 7400,Uganda,1/14/2024
198,User,Redit,Janek,jredit5h@rambler.ru,699 797 6875,Philippines,5/28/2023
199,User,Di Francecshi,Bernita,bdifrancecshi5i@skype.com,929 535 3562,Argentina,1/4/2024
200,User,Kennicott,Adelaida,akennicott5j@theglobeandmail.com,632 100 6830,Afghanistan,3/27/2023
201,User,Lumsdon,Hervey,hlumsdon5k@printfriendly.com,915 220 4525,United States,1/8/2024
202,User,Sprowson,Georgeanne,gsprowson5l@shinystat.com,473 872 0118,Greece,11/1/2023
203,User,Seamer,Morgan,mseamer5m@eventbrite.com,731 570 6259,Philippines,11/11/2023
204,User,Howden,Caddric,chowden5n@lycos.com,425 388 9813,North Korea,1/23/2024
205,User,Pidcock,Nappy,npidcock5o@indiatimes.com,529 475 7534,China,8/3/2023
206,User,Elwood,Carlita,celwood5p@discuz.net,364 891 1249,Indonesia,1/5/2024
207,User,Shelf,Jermaine,jshelf5q@sakura.ne.jp,966 466 1512,Indonesia,5/10/2023
208,User,Moreby,Miguelita,mmoreby5r@netlog.com,589 274 2088,Greece,11/23/2023
209,User,Orry,Laina,lorry5s@zimbio.com,768 650 6102,Canada,3/11/2024
210,User,Baxstar,Pegeen,pbaxstar5t@gmpg.org,587 150 7975,Russia,1/25/2024
211,User,Raraty,Evangelin,eraraty5u@vinaora.com,779 594 4739,Canada,2/1/2024
212,User,Stanfield,Noam,nstanfield5v@dyndns.org,763 774 2141,Czech Republic,6/26/2023
213,User,Wolledge,Giacobo,gwolledge5w@mozilla.com,976 485 1836,Philippines,10/2/2023
214,User,Deem,Mildred,mdeem5x@bizjournals.com,539 710 8790,Pakistan,10/25/2023
215,User,Ponsford,Trey,tponsford5y@epa.gov,722 511 6465,Indonesia,4/29/2023
216,User,Qualtro,Hoyt,hqualtro5z@dailymotion.com,724 914 1317,Dominican Republic,5/13/2023
217,User,Itzhayek,Nessie,nitzhayek60@slideshare.net,367 456 8238,Ukraine,3/8/2024
218,User,Oaker,Carroll,coaker61@baidu.com,643 365 3035,Tanzania,3/3/2024
219,User,Marrable,Livvie,lmarrable62@bloomberg.com,845 279 9979,Indonesia,6/2/2023
220,User,O'Monahan,Caron,comonahan63@cdc.gov,237 614 9351,Greece,5/23/2023
221,User,Gyrgorcewicx,Cordy,cgyrgorcewicx64@lycos.com,335 145 3055,Macedonia,3/11/2024
222,User,Sorel,Minne,msorel65@mediafire.com,994 610 1910,Bosnia and Herzegovina,10/20/2023
223,User,Drinkel,Elyn,edrinkel66@xrea.com,185 747 4305,Japan,11/5/2023
224,User,Busfield,Jacquelin,jbusfield67@umn.edu,602 976 3526,France,4/2/2023
225,User,Ander,Kimberli,kander68@wufoo.com,813 666 8469,Indonesia,2/2/2024
226,User,Guymer,Filia,fguymer69@lycos.com,926 380 2233,Azerbaijan,7/18/2023
227,User,Moyse,Aubrette,amoyse6a@linkedin.com,916 896 5437,China,8/2/2023
228,User,Cornick,Ladonna,lcornick6b@msn.com,322 797 1223,Indonesia,5/3/2023
229,User,Ivanyutin,Zelda,zivanyutin6c@hatena.ne.jp,763 358 7252,Ireland,11/5/2023
230,User,Whitsun,Pattie,pwhitsun6d@com.com,620 127 3556,France,3/8/2024
231,User,Wilmore,Aveline,awilmore6e@privacy.gov.au,728 228 2349,Estonia,6/14/2023
232,User,D'Antuoni,Shea,sdantuoni6f@google.co.jp,421 141 2325,Poland,11/24/2023
233,User,Hallward,Vaughn,vhallward6g@examiner.com,904 333 2559,Indonesia,7/8/2023
234,User,McKernon,Robbie,rmckernon6h@moonfruit.com,842 338 5549,Sweden,7/16/2023
235,User,Faivre,Hughie,hfaivre6i@woothemes.com,185 557 7917,Israel,10/24/2023
236,User,Espy,Huey,hespy6j@cloudflare.com,831 303 1315,Ivory Coast,6/11/2023
237,User,Renol,Gawen,grenol6k@slate.com,575 155 5992,Brazil,12/26/2023
238,User,Nestor,Feodor,fnestor6l@amazon.de,251 958 8070,Indonesia,1/26/2024
239,User,Lippatt,Ron,rlippatt6m@gizmodo.com,661 959 2935,Greece,9/21/2023
240,User,Casham,Calida,ccasham6n@nifty.com,120 681 7741,Kosovo,11/13/2023
241,User,Fulbrook,Gusty,gfulbrook6o@i2i.jp,545 420 4932,Greece,4/6/2023
242,User,Phebey,Chadd,cphebey6p@technorati.com,740 382 5583,Philippines,8/16/2023
243,User,Dalgarnocht,Alissa,adalgarnocht6q@w3.org,671 578 8074,Thailand,8/18/2023
244,User,Plaice,Martina,mplaice6r@disqus.com,410 973 6499,Croatia,9/22/2023
245,User,Eskriet,Novelia,neskriet6s@over-blog.com,606 548 7534,France,4/14/2023
246,User,Van den Hof,Washington,wvandenhof6t@washingtonpost.com,836 800 6008,Kazakhstan,2/23/2024
247,User,Crosen,Karine,kcrosen6u@mit.edu,216 325 1582,Mongolia,4/26/2023
248,User,Monahan,Jewell,jmonahan6v@dailymail.co.uk,657 875 8679,"Bonaire, Saint Eustatius and Saba ",7/25/2023
249,User,Gwinn,Torry,tgwinn6w@yolasite.com,512 202 4043,Indonesia,7/7/2023
250,User,Cliffe,Maggi,mcliffe6x@unblog.fr,655 464 2809,Russia,7/3/2023
251,User,Radnedge,Grange,gradnedge6y@mozilla.com,865 767 6195,Puerto Rico,4/19/2023
252,User,Danielsky,Alastair,adanielsky6z@altervista.org,820 313 3067,Brazil,5/10/2023
253,User,Roadknight,Lorelei,lroadknight70@amazon.com,227 113 3193,Russia,9/17/2023
254,User,Karczinski,Mitchell,mkarczinski71@blogspot.com,481 552 8177,China,6/29/2023
255,User,Jaher,Ulberto,ujaher72@fda.gov,130 841 3506,Ukraine,3/24/2023
256,User,Oaker,Bernadene,boaker73@army.mil,368 457 6976,Philippines,2/22/2024
257,User,Sillars,Gardie,gsillars74@soundcloud.com,836 981 2535,Afghanistan,8/3/2023
258,User,Ogers,Priscella,pogers75@smh.com.au,709 273 1898,France,10/17/2023
259,User,Laurentin,Costa,claurentin76@vk.com,548 184 2078,Greece,9/13/2023
260,User,Cardus,Diannne,dcardus77@taobao.com,655 369 6612,Latvia,12/22/2023
261,User,Kelway,Cordey,ckelway78@facebook.com,365 987 6012,Ukraine,2/13/2024
262,User,Erlam,Royal,rerlam79@paypal.com,634 521 3063,Philippines,5/25/2023
263,User,Joret,Gigi,gjoret7a@wikimedia.org,851 543 2945,Czech Republic,9/20/2023
264,User,Buffey,Adorne,abuffey7b@google.com,955 548 2572,Thailand,7/8/2023
265,User,Lisciandro,Cindra,clisciandro7c@usgs.gov,188 427 6789,Albania,11/30/2023
266,User,Schaben,Neil,nschaben7d@auda.org.au,502 123 0739,Vietnam,4/4/2023
267,User,Seadon,Alisander,aseadon7e@forbes.com,743 815 1253,Senegal,4/27/2023
268,User,Mogg,Aeriel,amogg7f@google.com,260 423 1100,Uzbekistan,6/14/2023
269,User,Horlock,Shermie,shorlock7g@wordpress.org,486 255 4217,Indonesia,12/25/2023
270,User,Niven,Hubie,hniven7h@nih.gov,604 733 8371,Argentina,8/26/2023
271,User,Geely,Koressa,kgeely7i@hud.gov,913 141 2148,Russia,3/23/2023
272,User,Nealey,Brier,bnealey7j@google.com,718 362 9937,China,6/19/2023
273,User,Ducham,Svend,sducham7k@freewebs.com,656 912 8335,Iran,8/14/2023
274,User,Duffit,Sheelagh,sduffit7l@ovh.net,479 112 8777,China,4/29/2023
275,User,Dillway,Jeromy,jdillway7m@thetimes.co.uk,226 634 3735,China,9/14/2023
276,User,Jirieck,Felice,fjirieck7n@theatlantic.com,564 202 3285,Mauritania,2/21/2024
277,User,Olifaunt,Leonore,lolifaunt7o@exblog.jp,711 386 7033,China,5/7/2023
278,User,Glanfield,Rodolph,rglanfield7p@nationalgeographic.com,291 725 5999,Russia,11/4/2023
279,User,Lagen,Candace,clagen7q@usgs.gov,182 209 1598,China,10/6/2023
280,User,Lawfull,Darbee,dlawfull7r@bravesites.com,411 209 1820,Japan,2/3/2024
281,User,Howsam,Babara,bhowsam7s@theglobeandmail.com,865 366 9605,Brazil,11/23/2023
282,User,Bessom,Germaine,gbessom7t@slideshare.net,871 188 5996,Ukraine,1/4/2024
283,User,Kindell,Booth,bkindell7u@skype.com,683 648 5217,Serbia,5/27/2023
284,User,Cleland,Bennie,bcleland7v@themeforest.net,728 655 4967,China,3/29/2023
285,User,Bywaters,Franni,fbywaters7w@youku.com,857 458 3574,Portugal,8/1/2023
286,User,Tupper,Neille,ntupper7x@businesswire.com,738 640 2831,China,7/21/2023
287,User,Banane,Velma,vbanane7y@altervista.org,890 764 0125,Russia,9/4/2023
288,User,Pfeuffer,Joey,jpfeuffer7z@businesswire.com,390 358 4136,Belarus,12/25/2023
289,User,O'Scollee,Pace,poscollee80@icio.us,679 974 7126,Philippines,12/12/2023
290,User,Sheekey,Maible,msheekey81@unc.edu,530 660 2360,Indonesia,2/13/2024
291,User,Darrell,Sherye,sdarrell82@marketwatch.com,487 212 7162,Nigeria,10/24/2023
292,User,Matches,Tedie,tmatches83@wired.com,817 233 1513,Indonesia,8/30/2023
293,User,Galpin,Abie,agalpin84@ca.gov,595 509 9023,France,6/3/2023
294,User,Breton,Marillin,mbreton85@google.pl,112 261 1079,Turks and Caicos Islands,9/17/2023
295,User,Sproul,Thornton,tsproul86@yahoo.com,235 441 3112,Greece,10/13/2023
296,User,Cobden,Taddeusz,tcobden87@foxnews.com,512 118 5134,Indonesia,7/4/2023
297,User,Kerins,Godiva,gkerins88@digg.com,402 602 3746,Indonesia,7/14/2023
298,User,Danilchev,Zorana,zdanilchev89@flavors.me,579 854 9333,Poland,7/29/2023
299,User,Amar,Marybeth,mamar8a@amazon.com,348 595 9444,Greece,2/13/2024
300,User,Roo,Archibald,aroo8b@blog.com,761 137 9840,Indonesia,4/18/2023
301,User,Brettor,Vernice,vbrettor8c@walmart.com,224 139 1447,Poland,1/4/2024
302,User,Crockley,Briggs,bcrockley8d@360.cn,316 864 3517,China,11/9/2023
303,User,Durrant,Petra,pdurrant8e@prweb.com,939 628 8463,Slovenia,5/7/2023
304,User,Castagneri,Clo,ccastagneri8f@sphinn.com,311 222 9924,Sierra Leone,8/25/2023
305,User,Culbert,Jeanelle,jculbert8g@opensource.org,788 257 3975,Colombia,1/17/2024
306,User,French,Melvyn,mfrench8h@tripadvisor.com,475 228 5633,Indonesia,6/27/2023
307,User,Grindlay,Audrye,agrindlay8i@dyndns.org,226 565 8654,Greece,9/16/2023
308,User,Knolles-Green,Adore,aknollesgreen8j@artisteer.com,458 671 4350,Armenia,3/1/2024
309,User,Bysshe,Isabeau,ibysshe8k@odnoklassniki.ru,546 643 9115,Indonesia,5/16/2023
310,User,Giovani,Brier,bgiovani8l@psu.edu,599 796 7855,Japan,9/11/2023
311,User,Cosby,Jo ann,jcosby8m@wisc.edu,680 324 3548,Democratic Republic of the Congo,4/15/2023
312,User,Le Page,Jacqui,jlepage8n@furl.net,155 994 0199,China,9/2/2023
313,User,Adamovicz,Florette,fadamovicz8o@ucsd.edu,590 601 1358,Poland,2/14/2024
314,User,Chippindale,Merill,mchippindale8p@ftc.gov,963 817 1817,Burundi,1/8/2024
315,User,Ludlem,Remy,rludlem8q@comsenz.com,612 578 1495,Brazil,7/18/2023
316,User,Kilrow,Wayland,wkilrow8r@shareasale.com,257 839 3142,Indonesia,2/24/2024
317,User,Ripon,Karlyn,kripon8s@wordpress.com,110 405 3578,Poland,3/15/2023
318,User,Well,Sanderson,swell8t@weibo.com,103 316 5778,Cuba,6/1/2023
319,User,Sleigh,Kamilah,ksleigh8u@seattletimes.com,921 524 2684,China,1/19/2024
320,User,Ledbury,Evangelin,eledbury8v@acquirethisname.com,601 590 3194,Indonesia,6/25/2023
321,User,Klampk,Lane,lklampk8w@flickr.com,823 821 1655,China,4/20/2023
322,User,Cadd,Blayne,bcadd8x@apple.com,318 232 3327,China,10/29/2023
323,User,Whiteside,Dilan,dwhiteside8y@disqus.com,806 611 1187,Indonesia,8/4/2023
324,User,Hartford,Renata,rhartford8z@printfriendly.com,649 963 0346,Russia,4/23/2023
325,User,Ternouth,Denys,dternouth90@fema.gov,719 444 5559,China,2/11/2024
326,User,Gilfoy,Ruperta,rgilfoy91@opera.com,702 734 1552,United States,11/9/2023
327,User,Bridgeland,Ranique,rbridgeland92@google.com,787 298 4080,China,3/2/2024
328,User,Castagnasso,Stacy,scastagnasso93@networkadvertising.org,938 827 4383,Morocco,7/2/2023
329,User,Guidelli,Geno,gguidelli94@gizmodo.com,224 362 5636,Cuba,6/24/2023
330,User,Thickins,Hugues,hthickins95@japanpost.jp,147 706 0186,China,2/23/2024
331,User,Shill,Kris,kshill96@pen.io,535 599 5627,Indonesia,7/3/2023
332,User,Gloy,Shani,sgloy97@deliciousdays.com,618 259 7301,Serbia,4/10/2023
333,User,Shrubshall,Genni,gshrubshall98@tinypic.com,473 819 6703,China,1/28/2024
334,User,Schwandermann,Ximenez,xschwandermann99@umn.edu,885 690 3035,Brazil,8/20/2023
335,User,Swinden,Cindee,cswinden9a@blogtalkradio.com,716 150 3536,Russia,5/9/2023
336,User,Jehan,Ozzy,ojehan9b@canalblog.com,879 262 5335,Madagascar,1/12/2024
337,User,Lavrick,Dottie,dlavrick9c@lulu.com,993 323 8214,China,8/16/2023
338,User,Ranner,Hedvig,hranner9d@163.com,270 303 5660,Philippines,4/5/2023
339,User,Boatwright,Anna-diane,aboatwright9e@goo.ne.jp,151 490 7476,Venezuela,11/28/2023
340,User,Reeder,Kelsy,kreeder9f@xinhuanet.com,715 619 6749,China,11/5/2023
341,User,Mussared,Symon,smussared9g@sitemeter.com,208 796 7731,France,10/5/2023
342,User,Klimkin,Thia,tklimkin9h@dyndns.org,975 594 0207,Chad,3/30/2023
343,User,Piddlesden,Vittorio,vpiddlesden9i@twitpic.com,872 443 6941,Poland,6/4/2023
344,User,Petrillo,Gabey,gpetrillo9j@nasa.gov,775 214 6134,China,2/18/2024
345,User,Walwood,Demetri,dwalwood9k@buzzfeed.com,737 630 6841,Guatemala,6/26/2023
346,User,De Haven,Glenn,gdehaven9l@acquirethisname.com,782 666 4612,China,3/25/2023
347,User,Kloss,Talbot,tkloss9m@umn.edu,271 251 1992,Poland,9/20/2023
348,User,Spoerl,Vaughn,vspoerl9n@google.nl,850 636 2609,China,6/19/2023
349,User,Glasner,Clevey,cglasner9o@yahoo.co.jp,704 989 3425,Philippines,3/4/2024
350,User,Kynsey,Urbano,ukynsey9p@webnode.com,229 369 0477,Chad,4/8/2023
351,User,Longfoot,Joelle,jlongfoot9q@people.com.cn,690 616 4690,Portugal,10/9/2023
352,User,Dalzell,Jerrine,jdalzell9r@nytimes.com,824 708 9175,Palestinian Territory,7/27/2023
353,User,Allmark,Dermot,dallmark9s@histats.com,106 766 8452,Bosnia and Herzegovina,11/22/2023
354,User,Gleaves,Sigismundo,sgleaves9t@walmart.com,179 924 9758,Philippines,8/16/2023
355,User,Nelthropp,Waite,wnelthropp9u@rakuten.co.jp,542 480 2113,China,3/11/2024
356,User,Greenroad,Ardelis,agreenroad9v@youku.com,940 102 1461,Belarus,4/5/2023
357,User,Le Blanc,Chadwick,cleblanc9w@e-recht24.de,377 486 2325,Kazakhstan,7/20/2023
358,User,Vondrys,Eddy,evondrys9x@youtu.be,125 567 5508,Portugal,7/18/2023
359,User,Putton,Karisa,kputton9y@cbc.ca,775 472 4925,Chile,1/16/2024
360,User,Chaston,Cheryl,cchaston9z@jugem.jp,775 467 4354,Tanzania,8/18/2023
361,User,Spraggon,Janelle,jspraggona0@sogou.com,124 856 2298,China,12/30/2023
362,User,Deeley,Hardy,hdeeleya1@usda.gov,106 638 0232,Thailand,5/2/2023
363,User,Everly,Tatum,teverlya2@guardian.co.uk,509 241 7132,New Zealand,1/15/2024
364,User,Raggitt,Cally,craggitta3@zimbio.com,130 189 7077,Portugal,3/4/2024
365,User,Rawlinson,Gauthier,grawlinsona4@huffingtonpost.com,221 457 6678,Zimbabwe,9/10/2023
366,User,Church,Theobald,tchurcha5@themeforest.net,226 470 1903,Indonesia,5/13/2023
367,User,Ulyatt,Elnora,eulyatta6@shop-pro.jp,207 695 4978,Norway,5/28/2023
368,User,Rosewall,Delphinia,drosewalla7@un.org,817 594 1458,Indonesia,4/6/2023
369,User,Mingey,Sheree,smingeya8@foxnews.com,593 701 2087,China,4/28/2023
370,User,Kleehuhler,Baily,bkleehuhlera9@skype.com,820 453 3344,Philippines,8/24/2023
371,User,Vannuchi,Sheppard,svannuchiaa@jalbum.net,194 127 2722,Poland,12/23/2023
372,User,Elcoate,Deerdre,delcoateab@shop-pro.jp,225 356 0193,China,7/3/2023
373,User,Briscam,Vassili,vbriscamac@ebay.co.uk,253 661 5750,Indonesia,1/24/2024
374,User,De La Coste,Veda,vdelacostead@businesswire.com,962 980 7761,Mexico,7/8/2023
375,User,Eustice,Dasie,deusticeae@bigcartel.com,887 688 1382,Philippines,1/18/2024
376,User,Geraud,Jourdain,jgeraudaf@yellowbook.com,840 390 1093,Finland,7/5/2023
377,User,Blew,Alick,ablewag@reverbnation.com,899 556 8468,Philippines,5/19/2023
378,User,Batrick,Zak,zbatrickah@miitbeian.gov.cn,979 824 6623,Chile,10/13/2023
379,User,Esposita,Diane,despositaai@hatena.ne.jp,838 251 2634,France,3/17/2023
380,User,Fossey,Finn,ffosseyaj@lycos.com,559 516 6112,Philippines,9/8/2023
381,User,Tuff,Maximo,mtuffak@ihg.com,426 890 9467,Bosnia and Herzegovina,11/12/2023
382,User,Rings,Risa,rringsal@unesco.org,338 319 8107,China,8/31/2023
383,User,Weedenburg,Amy,aweedenburgam@mapquest.com,784 103 6767,Indonesia,1/28/2024
384,User,Farfoot,Kearney,kfarfootan@soup.io,988 264 4326,China,8/15/2023
385,User,Hoolaghan,Padriac,phoolaghanao@dot.gov,427 369 8467,Portugal,8/8/2023
386,User,Monks,Idalina,imonksap@altervista.org,779 116 4065,China,8/18/2023
387,User,Toward,Clim,ctowardaq@princeton.edu,719 186 0912,China,2/21/2024
388,User,Perago,Lorenza,lperagoar@people.com.cn,507 904 6532,China,5/26/2023
389,User,Kopta,Barby,bkoptaas@creativecommons.org,432 638 7709,United States,6/20/2023
390,User,Gallon,Letty,lgallonat@xrea.com,472 677 2118,Indonesia,4/26/2023
391,User,Shayler,Janith,jshaylerau@cnet.com,647 828 4081,Czech Republic,8/23/2023
392,User,Giorgielli,Meaghan,mgiorgielliav@digg.com,525 438 5417,Russia,8/26/2023
393,User,Trevithick,Skylar,strevithickaw@hatena.ne.jp,137 673 7378,Indonesia,10/22/2023
394,User,Cussons,Eddie,ecussonsax@liveinternet.ru,392 845 8779,Sweden,8/4/2023
395,User,Dagon,Kitty,kdagonay@java.com,401 198 3001,China,11/15/2023
396,User,Marians,Ganny,gmariansaz@apple.com,308 915 0081,Honduras,1/15/2024
397,User,Spraggon,Levy,lspraggonb0@harvard.edu,694 951 2596,Peru,12/20/2023
398,User,Brockest,Carlin,cbrockestb1@sohu.com,400 415 8794,Uzbekistan,3/27/2023
399,User,Bartosiak,Zacharias,zbartosiakb2@slate.com,432 761 2548,China,1/23/2024
400,User,Rymill,Sherry,srymillb3@ifeng.com,540 688 3887,Peru,11/24/2023
401,User,Lithcow,Bourke,blithcowb4@cbsnews.com,704 413 5713,United States,9/4/2023
402,User,Ellison,Juan,jellisonb5@4shared.com,860 831 3717,Japan,12/31/2023
403,User,O'Ruane,Hyacinthia,horuaneb6@flavors.me,102 879 9713,Afghanistan,10/14/2023
404,User,Bindon,Lorine,lbindonb7@wired.com,272 565 4551,Philippines,12/29/2023
405,User,Rusling,Douglass,druslingb8@house.gov,850 697 6662,Czech Republic,11/29/2023
406,User,Elham,Jourdain,jelhamb9@wiley.com,300 505 4145,Vietnam,5/10/2023
407,User,Leathwood,Larisa,lleathwoodba@usa.gov,765 930 3593,China,1/5/2024
408,User,Fooks,Jemie,jfooksbb@trellian.com,957 905 4698,China,12/14/2023
409,User,Tupp,Roseann,rtuppbc@histats.com,162 589 9432,Honduras,12/5/2023
410,User,Cobley,Abbe,acobleybd@msn.com,194 620 0510,China,5/15/2023
411,User,Newart,Sandy,snewartbe@desdev.cn,531 988 6075,Czech Republic,2/12/2024
412,User,Cappel,Kiri,kcappelbf@mapy.cz,756 990 7754,Indonesia,4/16/2023
413,User,Harrow,Anderea,aharrowbg@drupal.org,251 705 0982,Japan,12/15/2023
414,User,Hearnes,Remington,rhearnesbh@example.com,852 549 5257,Brazil,5/3/2023
415,User,Garbutt,Chris,cgarbuttbi@narod.ru,759 489 6128,Croatia,7/31/2023
416,User,Brick,Emilio,ebrickbj@artisteer.com,939 961 3949,Indonesia,5/26/2023
417,User,Tomaini,Pamela,ptomainibk@diigo.com,751 481 8312,China,12/20/2023
418,User,Oakwell,Heywood,hoakwellbl@comsenz.com,151 991 0235,France,6/9/2023
419,User,Geldeard,Katharyn,kgeldeardbm@joomla.org,786 328 0624,Philippines,1/29/2024
420,User,Brodeau,Davidde,dbrodeaubn@mapy.cz,302 462 7110,Togo,1/8/2024
421,User,Russan,Mignon,mrussanbo@ftc.gov,205 886 4230,Niger,12/8/2023
422,User,Manoch,Petronia,pmanochbp@aol.com,827 805 3698,Greece,5/25/2023
423,User,Brayson,Ravid,rbraysonbq@noaa.gov,940 917 9154,Latvia,8/29/2023
424,User,Neubigin,Maryellen,mneubiginbr@shinystat.com,535 225 8688,North Korea,1/25/2024
425,User,McKitterick,Odella,omckitterickbs@ow.ly,890 585 9244,Bangladesh,2/29/2024
426,User,Eathorne,Byron,beathornebt@unblog.fr,712 864 7398,Thailand,1/14/2024
427,User,Czadla,Vilma,vczadlabu@prweb.com,741 767 3209,Greece,10/31/2023
428,User,Baile,Marcelo,mbailebv@odnoklassniki.ru,508 893 3225,China,11/11/2023
429,User,Gather,Orren,ogatherbw@forbes.com,758 632 0090,Argentina,10/22/2023
430,User,Manvelle,Gloriane,gmanvellebx@nytimes.com,139 868 9127,Poland,7/27/2023
431,User,Capstake,Berti,bcapstakeby@theatlantic.com,368 297 0489,Norway,12/23/2023
432,User,Constantinou,Carree,cconstantinoubz@samsung.com,828 247 0655,Russia,7/30/2023
433,User,Darridon,Hesther,hdarridonc0@infoseek.co.jp,877 284 9859,Brazil,5/21/2023
434,User,Fuente,Petr,pfuentec1@1688.com,447 816 5715,Mali,11/13/2023
435,User,Dodding,Corinna,cdoddingc2@hud.gov,767 273 5289,Canada,3/3/2024
436,User,Fieldstone,Cami,cfieldstonec3@newsvine.com,538 375 1435,China,11/24/2023
437,User,Beddow,Tootsie,tbeddowc4@cocolog-nifty.com,221 555 0150,Venezuela,8/7/2023
438,User,Pengilley,Oren,opengilleyc5@barnesandnoble.com,713 978 3513,Netherlands,9/29/2023
439,User,Dunsmore,Baxter,bdunsmorec6@wikipedia.org,260 943 9181,Argentina,5/5/2023
440,User,Spradbrow,Linnea,lspradbrowc7@over-blog.com,232 563 0499,Indonesia,10/12/2023
441,User,Heardman,Porter,pheardmanc8@woothemes.com,659 185 5135,Guatemala,8/16/2023
442,User,Kinder,Chic,ckinderc9@alexa.com,398 581 9385,Philippines,3/4/2024
443,User,Despenser,Richie,rdespenserca@zimbio.com,216 164 7840,Argentina,12/22/2023
444,User,Pickthall,Alfred,apickthallcb@privacy.gov.au,891 571 8737,France,6/17/2023
445,User,Randals,Kiel,krandalscc@shareasale.com,849 433 8825,China,9/1/2023
446,User,Arlt,Teresita,tarltcd@who.int,489 644 6148,Guinea-Bissau,3/23/2023
447,User,Weippert,Rivalee,rweippertce@mediafire.com,656 375 5201,Nicaragua,6/1/2023
448,User,Snewin,Elysee,esnewincf@pen.io,432 689 1943,Russia,1/17/2024
449,User,Moring,Sissie,smoringcg@addtoany.com,496 283 0075,China,5/20/2023
450,User,Moran,Shandra,smoranch@sciencedirect.com,186 558 4936,Sweden,5/5/2023
451,User,Wyley,Tony,twyleyci@deviantart.com,172 717 8931,Thailand,11/28/2023
452,User,Starie,Merrie,mstariecj@toplist.cz,831 367 0610,Russia,3/13/2023
453,User,MacGinley,Nertie,nmacginleyck@shutterfly.com,942 243 6554,Greece,12/13/2023
454,User,Petrak,Rodi,rpetrakcl@bbc.co.uk,879 993 3670,Argentina,7/6/2023
455,User,Lerigo,Chaddy,clerigocm@jalbum.net,419 454 3292,China,9/6/2023
456,User,Gibbon,Kathryn,kgibboncn@webnode.com,649 912 8147,Armenia,4/25/2023
457,User,Redgrove,Jemmie,jredgroveco@sohu.com,256 223 5149,Brazil,4/6/2023
458,User,Punton,Patricio,ppuntoncp@quantcast.com,150 162 0624,Canada,8/10/2023
459,User,Evered,Ulrick,ueveredcq@google.pl,401 116 2115,Thailand,3/14/2023
460,User,Treasaden,Benedikt,btreasadencr@feedburner.com,187 344 2862,China,4/7/2023
461,User,Abbots,Carney,cabbotscs@mozilla.org,341 173 2082,Sweden,12/17/2023
462,User,Batrop,Nickolai,nbatropct@ning.com,117 135 2691,France,5/14/2023
463,User,Kimbly,Nikolaus,nkimblycu@purevolume.com,215 781 0925,Indonesia,7/15/2023
464,User,Soitoux,Willy,wsoitouxcv@skyrock.com,266 624 2990,Haiti,10/5/2023
465,User,Cluely,Guillema,gcluelycw@fc2.com,861 831 1570,Afghanistan,12/8/2023
466,User,Andreoletti,Dody,dandreoletticx@foxnews.com,956 607 7370,Philippines,2/11/2024
467,User,Ledeker,Sam,sledekercy@reddit.com,860 342 6771,South Africa,2/4/2024
468,User,Cholomin,Viviyan,vcholomincz@reuters.com,917 420 9371,China,11/14/2023
469,User,Chasles,Mandy,mchaslesd0@intel.com,264 478 7755,Philippines,7/10/2023
470,User,Billson,Rochella,rbillsond1@yellowpages.com,102 677 9209,Colombia,7/10/2023
471,User,Narbett,Loni,lnarbettd2@cbc.ca,202 707 5471,Czech Republic,1/3/2024
472,User,Jasiak,Maurise,mjasiakd3@paginegialle.it,715 355 5277,Armenia,12/31/2023
473,User,Collingwood,Evangeline,ecollingwoodd4@sitemeter.com,916 799 2459,Portugal,3/17/2023
474,User,Pymar,Gay,gpymard5@bloglines.com,314 991 2814,China,3/29/2023
475,User,McCrum,Lemmy,lmccrumd6@shinystat.com,925 655 2538,Peru,11/19/2023
476,User,Otteridge,Melanie,motteridged7@jigsy.com,445 603 8690,Sweden,3/18/2023
477,User,Sawter,Fey,fsawterd8@comcast.net,745 548 1553,China,6/27/2023
478,User,Everest,Kora,keverestd9@goo.ne.jp,441 966 8930,Mexico,7/28/2023
479,User,Van de Velde,Cristabel,cvandeveldeda@marketwatch.com,692 181 2521,Portugal,3/5/2024
480,User,Veryard,Joellyn,jveryarddb@theguardian.com,843 201 4796,Aruba,9/16/2023
481,User,McAreavey,Daniela,dmcareaveydc@wordpress.org,438 734 7436,Spain,9/1/2023
482,User,Spacy,Nanete,nspacydd@accuweather.com,417 638 8562,France,7/10/2023
483,User,Blaydon,Donall,dblaydonde@mit.edu,783 923 1954,Japan,1/23/2024
484,User,Hasard,Helen-elizabeth,hhasarddf@webeden.co.uk,712 963 8180,China,11/16/2023
485,User,Watkinson,Maurizia,mwatkinsondg@yellowpages.com,207 124 6306,Nigeria,1/25/2024
486,User,Linch,Kinny,klinchdh@seattletimes.com,364 958 3238,Sweden,9/7/2023
487,User,Zmitruk,Dylan,dzmitrukdi@geocities.jp,615 979 8769,Norway,6/12/2023
488,User,Clemon,Cyndy,cclemondj@surveymonkey.com,483 405 6745,Russia,6/10/2023
489,User,Lankham,Addie,alankhamdk@state.gov,202 663 2189,Nepal,4/23/2023
490,User,Pellew,Chad,cpellewdl@usda.gov,183 324 2760,Dominican Republic,6/7/2023
491,User,Van den Hof,Wolf,wvandenhofdm@nymag.com,683 111 9604,Russia,1/14/2024
492,User,Bunney,Englebert,ebunneydn@reverbnation.com,125 825 0225,Russia,4/10/2023
493,User,Hagerty,Dominick,dhagertydo@washingtonpost.com,540 456 8807,Indonesia,1/10/2024
494,User,Chree,Jilly,jchreedp@rediff.com,518 155 9932,Russia,5/21/2023
495,User,Clackers,Leontine,lclackersdq@eventbrite.com,694 615 6957,Ethiopia,12/23/2023
496,User,Scahill,Andra,ascahilldr@wordpress.org,114 992 5816,Honduras,9/13/2023
497,User,Gillcrist,Rani,rgillcristds@slashdot.org,822 480 2742,Czech Republic,4/11/2023
498,User,Filer,Violette,vfilerdt@homestead.com,604 899 7406,Peru,5/15/2023
499,User,Jansey,Malanie,mjanseydu@cocolog-nifty.com,926 940 1291,Mexico,3/24/2023
500,User,Beach,Lazare,lbeachdv@theguardian.com,950 546 1260,Sweden,1/2/2024
501,User,Ussher,Cosimo,cussherdw@discovery.com,234 804 9667,Sweden,9/18/2023
502,User,McKeaveney,Tammy,tmckeaveneydx@utexas.edu,430 245 3807,China,11/6/2023
503,User,Blesli,Lydie,lbleslidy@hubpages.com,215 862 6935,United States,3/31/2023
504,User,Kenafaque,Lisa,lkenafaquedz@about.com,269 281 5785,Albania,9/27/2023
505,User,Asser,Alejandra,aassere0@amazonaws.com,318 303 0665,Indonesia,12/6/2023
506,User,Quillinane,Adolpho,aquillinanee1@bigcartel.com,951 186 0798,Botswana,5/16/2023
507,User,Robiou,Kathrine,krobioue2@adobe.com,131 937 6504,Germany,5/18/2023
508,User,Presdie,Alon,apresdiee3@icio.us,601 115 7786,Guatemala,6/24/2023
509,User,Spurnier,Anatola,aspurniere4@surveymonkey.com,744 159 4631,Nigeria,3/13/2023
510,User,Youel,Dasya,dyouele5@dedecms.com,451 502 4715,Philippines,3/1/2024
511,User,Eddies,Simon,seddiese6@youtu.be,798 669 9060,Russia,3/7/2024
512,User,Ashby,Colleen,cashbye7@google.com.au,118 833 0800,Dominican Republic,2/12/2024
513,User,Schimaschke,Astrid,aschimaschkee8@taobao.com,879 143 8623,Russia,8/16/2023
514,User,Humbert,Gail,ghumberte9@seattletimes.com,257 925 7709,China,7/10/2023
515,User,Sunner,Rubin,rsunnerea@wikipedia.org,412 388 3038,Czech Republic,1/16/2024
516,User,Fawdery,Katrina,kfawderyeb@ameblo.jp,944 863 4968,Vietnam,10/2/2023
517,User,Andrzejowski,Durward,dandrzejowskiec@weibo.com,202 446 8593,China,11/9/2023
518,User,Weatherburn,Bartholomew,bweatherburned@wiley.com,145 206 8772,Indonesia,3/18/2023
519,User,Skeates,Hugibert,hskeatesee@dmoz.org,404 179 7008,China,12/5/2023
520,User,Kusick,Layney,lkusickef@ca.gov,940 639 6038,Philippines,3/6/2024
521,User,Baumber,Sharleen,sbaumbereg@hao123.com,994 770 2021,China,7/8/2023
522,User,Tacon,Zolly,ztaconeh@e-recht24.de,421 218 7183,Philippines,10/3/2023
523,User,Salvatore,Maggi,msalvatoreei@usatoday.com,223 826 8852,Poland,8/9/2023
524,User,McCoish,Ardelle,amccoishej@51.la,376 736 2613,Sweden,4/29/2023
525,User,Boribal,Northrop,nboribalek@columbia.edu,413 104 7612,Poland,7/15/2023
526,User,Schade,Wade,wschadeel@usgs.gov,337 344 3655,United States,6/8/2023
527,User,Terbrug,Edith,eterbrugem@canalblog.com,670 148 0973,Laos,7/3/2023
528,User,Fink,Desiri,dfinken@blogtalkradio.com,293 591 0983,Portugal,5/14/2023
529,User,Downe,Emmet,edowneeo@newsvine.com,785 558 6470,China,11/7/2023
530,User,Laight,Samantha,slaightep@about.me,366 851 1885,China,2/6/2024
531,User,Fosse,Maxy,mfosseeq@networkadvertising.org,658 505 1366,China,12/27/2023
532,User,Bulcroft,Rem,rbulcrofter@unc.edu,953 668 0317,Nigeria,9/29/2023
533,User,McQuode,Daren,dmcquodees@mit.edu,805 142 2774,China,10/15/2023
534,User,Pollendine,Myrilla,mpollendineet@dell.com,763 271 0977,Czech Republic,2/20/2024
535,User,Stilly,Alberik,astillyeu@vkontakte.ru,479 270 7611,Colombia,8/4/2023
536,User,Ivushkin,Giovanni,givushkinev@edublogs.org,516 156 1641,Greece,10/18/2023
537,User,Timson,Sherry,stimsonew@phoca.cz,703 830 3613,Poland,4/5/2023
538,User,Crudgington,Franciskus,fcrudgingtonex@123-reg.co.uk,847 921 7491,Peru,6/13/2023
539,User,Lawrinson,Hew,hlawrinsoney@amazon.de,843 641 7568,American Samoa,11/3/2023
540,User,Boffey,Leonore,lboffeyez@goo.gl,163 832 7900,Greece,9/26/2023
541,User,Poulglais,Louisette,lpoulglaisf0@altervista.org,116 669 2000,Sweden,3/19/2023
542,User,Palfrie,Gualterio,gpalfrief1@twitpic.com,403 462 7442,Serbia,5/17/2023
543,User,Lehrle,Abbye,alehrlef2@sun.com,288 676 5207,Portugal,4/1/2023
544,User,Bondy,Rozalin,rbondyf3@springer.com,755 946 9840,Indonesia,11/16/2023
545,User,Gabbotts,Bellina,bgabbottsf4@dedecms.com,258 724 0211,China,9/19/2023
546,User,Azema,Savina,sazemaf5@bbc.co.uk,711 945 7615,Ghana,7/10/2023
547,User,Antosch,Lee,lantoschf6@wp.com,285 315 3451,Nicaragua,11/1/2023
548,User,Rollett,Michale,mrollettf7@acquirethisname.com,532 385 6796,Indonesia,5/17/2023
549,User,Blaschke,Gerald,gblaschkef8@eepurl.com,259 853 2348,Bangladesh,10/25/2023
550,User,McPhilemy,Carly,cmcphilemyf9@netlog.com,656 815 0380,Philippines,10/25/2023
551,User,McVee,Harlan,hmcveefa@umich.edu,726 526 3084,Brazil,10/23/2023
552,User,De Ambrosis,Tomkin,tdeambrosisfb@yandex.ru,902 658 8265,Sweden,1/2/2024
553,User,Grzegorzewicz,Mohandis,mgrzegorzewiczfc@biblegateway.com,852 186 5852,Russia,4/7/2023
554,User,Rozenbaum,Freeland,frozenbaumfd@shareasale.com,430 495 9772,Colombia,8/5/2023
555,User,Sabbin,Helge,hsabbinfe@flavors.me,950 947 4695,Russia,3/11/2024
556,User,Fahrenbacher,Phyllida,pfahrenbacherff@liveinternet.ru,932 675 2321,China,9/30/2023
557,User,Ojeda,Giffy,gojedafg@tinyurl.com,490 282 3937,Russia,12/28/2023
558,User,Saphir,Guillemette,gsaphirfh@wired.com,900 761 4115,China,5/15/2023
559,User,Figliovanni,Micky,mfigliovannifi@census.gov,788 832 2309,Russia,11/22/2023
560,User,Cardo,Donnie,dcardofj@infoseek.co.jp,578 886 4749,Sweden,6/29/2023
561,User,Sazio,Lynnell,lsaziofk@shareasale.com,145 130 1505,Russia,4/2/2023
562,User,Luchelli,Noel,nluchellifl@shutterfly.com,847 227 4780,Guinea,7/24/2023
563,User,Hall-Gough,Brittany,bhallgoughfm@seesaa.net,874 722 3388,Albania,12/13/2023
564,User,Morey,Lenora,lmoreyfn@constantcontact.com,465 260 5126,Brazil,11/18/2023
565,User,Greedy,Garrott,ggreedyfo@paginegialle.it,167 201 7593,Chile,7/4/2023
566,User,MacNeill,Budd,bmacneillfp@ebay.co.uk,843 870 1366,Lebanon,4/7/2023
567,User,Friedman,Andrey,afriedmanfq@so-net.ne.jp,713 634 5835,Russia,11/24/2023
568,User,Iggo,Lynde,liggofr@xrea.com,903 485 2231,United States,10/18/2023
569,User,Darlasson,Baily,bdarlassonfs@cbc.ca,448 710 0297,Philippines,10/5/2023
570,User,Cressor,Britt,bcressorft@topsy.com,525 230 1876,Croatia,12/31/2023
571,User,Paybody,Enid,epaybodyfu@google.com.br,134 859 4061,Peru,5/29/2023
572,User,Bacchus,Elizabeth,ebacchusfv@twitter.com,660 988 7359,Morocco,1/15/2024
573,User,Fitzackerley,Ingeborg,ifitzackerleyfw@globo.com,909 472 7876,China,2/28/2024
574,User,Pheasey,Flora,fpheaseyfx@goo.ne.jp,980 808 7322,France,8/31/2023
575,User,Betjes,Odelia,obetjesfy@about.me,152 251 9532,Ukraine,8/26/2023
576,User,Eloy,Celeste,celoyfz@weather.com,211 886 4678,Kenya,1/24/2024
577,User,Godley,Zea,zgodleyg0@diigo.com,195 233 2012,Indonesia,6/24/2023
578,User,Gaunt,Cris,cgauntg1@newsvine.com,707 842 2761,Namibia,4/29/2023
579,User,Moulder,Ivonne,imoulderg2@dedecms.com,605 856 9535,Brazil,12/12/2023
580,User,Rama,Norbert,nramag3@twitter.com,687 212 7694,Croatia,2/15/2024
581,User,MacLese,Edee,emacleseg4@loc.gov,484 335 0825,Philippines,8/11/2023
582,User,Gaskoin,Cedric,cgaskoing5@shareasale.com,741 105 3663,Uzbekistan,10/29/2023
583,User,Wadwell,Jedediah,jwadwellg6@blinklist.com,363 821 3914,China,3/3/2024
584,User,Scrivenor,Palmer,pscrivenorg7@photobucket.com,723 281 6547,China,7/9/2023
585,User,Gravett,Netti,ngravettg8@a8.net,380 977 2359,Mexico,6/23/2023
586,User,Rumbelow,Jabez,jrumbelowg9@theguardian.com,434 233 9264,Slovenia,11/29/2023
587,User,Pittoli,Aila,apittoliga@patch.com,188 625 5984,Sweden,8/30/2023
588,User,Muddiman,Lon,lmuddimangb@state.gov,801 730 9757,Indonesia,8/11/2023
589,User,Pfaffe,Fowler,fpfaffegc@cnn.com,774 881 8566,Tunisia,11/26/2023
590,User,Brunstan,Aliza,abrunstangd@smh.com.au,281 776 3459,Poland,7/16/2023
591,User,McCarlich,Shaun,smccarlichge@vimeo.com,887 977 9920,Brazil,11/9/2023
592,User,Nassau,Denice,dnassaugf@fda.gov,191 291 9180,Philippines,2/27/2024
593,User,Ballard,Lilli,lballardgg@google.ru,719 920 2288,Russia,11/5/2023
594,User,Riche,Allix,arichegh@surveymonkey.com,224 736 5060,Japan,7/31/2023
595,User,Seagood,Aloysia,aseagoodgi@sogou.com,443 959 8691,China,5/12/2023
596,User,Cranstone,Laurens,lcranstonegj@miibeian.gov.cn,567 652 7266,Jordan,5/16/2023
597,User,Nend,Quill,qnendgk@ycombinator.com,984 887 7406,France,3/17/2023
598,User,Hull,Paige,phullgl@ehow.com,238 919 3327,Nigeria,4/5/2023
599,User,Quakley,Adel,aquakleygm@ted.com,989 231 4572,Peru,10/5/2023
600,User,Busswell,Udale,ubusswellgn@tripod.com,306 922 0315,China,3/30/2023
601,User,Phripp,Stanly,sphrippgo@psu.edu,537 715 9308,Philippines,8/14/2023
602,User,Barry,Martin,mbarrygp@gnu.org,681 873 4033,Sweden,5/4/2023
603,User,Burel,Kirsteni,kburelgq@opensource.org,577 477 4529,Nigeria,7/9/2023
604,User,Road,Roshelle,rroadgr@who.int,832 822 0794,Portugal,6/28/2023
605,User,Muff,Harriot,hmuffgs@cnn.com,619 666 3674,Colombia,3/18/2023
606,User,Karlowicz,Lindsey,lkarlowiczgt@biblegateway.com,343 191 9360,Sweden,7/30/2023
607,User,Dornin,Dione,ddorningu@spotify.com,647 265 2859,China,4/7/2023
608,User,Gummary,Rolfe,rgummarygv@nature.com,591 953 4848,Sweden,12/16/2023
609,User,Bessett,Gerrie,gbessettgw@sciencedirect.com,611 794 2840,Sweden,1/31/2024
610,User,Wharram,Sax,swharramgx@usda.gov,522 235 5005,Indonesia,7/8/2023
611,User,Simione,Modesty,msimionegy@dion.ne.jp,280 497 7242,Czech Republic,6/17/2023
612,User,Edgeson,Kai,kedgesongz@51.la,730 312 6107,Brazil,11/4/2023
613,User,Collington,Jeramey,jcollingtonh0@prweb.com,155 799 8514,China,10/4/2023
614,User,Moryson,Cory,cmorysonh1@rakuten.co.jp,791 333 8712,Indonesia,1/8/2024
615,User,Dannel,Algernon,adannelh2@engadget.com,860 894 5578,Brazil,5/13/2023
616,User,Gee,Davey,dgeeh3@google.co.jp,256 940 7209,Panama,5/10/2023
617,User,Bolan,Randolph,rbolanh4@ucoz.ru,593 703 4371,Brazil,7/8/2023
618,User,Letson,Phillip,pletsonh5@myspace.com,657 688 1559,Brazil,2/24/2024
619,User,Carragher,Lucian,lcarragherh6@simplemachines.org,270 307 8907,Indonesia,2/22/2024
620,User,Buswell,Kinna,kbuswellh7@angelfire.com,642 336 3742,Brazil,6/5/2023
621,User,Delion,Frannie,fdelionh8@plala.or.jp,397 330 2481,Indonesia,4/20/2023
622,User,Greatrakes,Fay,fgreatrakesh9@msu.edu,879 158 8408,Peru,2/7/2024
623,User,Tatam,Reggis,rtatamha@csmonitor.com,594 117 2100,Brazil,9/26/2023
624,User,Guittet,Dot,dguittethb@flavors.me,306 879 7464,Yemen,8/14/2023
625,User,Reily,Hilliard,hreilyhc@patch.com,781 230 6043,Indonesia,9/23/2023
626,User,Woodford,Dave,dwoodfordhd@smh.com.au,444 658 8927,Japan,9/18/2023
627,User,Lamar,Arvin,alamarhe@yahoo.co.jp,855 534 9731,Thailand,3/24/2023
628,User,McVeigh,Claribel,cmcveighhf@t.co,605 292 5668,Portugal,5/5/2023
629,User,Redler,Gherardo,gredlerhg@skyrock.com,577 987 1782,Thailand,11/9/2023
630,User,Lilloe,Brena,blilloehh@cpanel.net,328 956 7444,Ukraine,11/29/2023
631,User,Taffurelli,Angus,ataffurellihi@hao123.com,905 729 7242,China,12/29/2023
632,User,Borgnol,Vivian,vborgnolhj@shareasale.com,609 122 2577,Thailand,12/13/2023
633,User,Gaber,Dorotea,dgaberhk@adobe.com,314 242 3932,China,2/15/2024
634,User,Went,Idaline,iwenthl@ft.com,680 672 1859,Guyana,9/1/2023
635,User,Snooks,Lynne,lsnookshm@tamu.edu,582 856 2743,China,8/29/2023
636,User,Atwel,Gregorius,gatwelhn@army.mil,830 411 4574,Azerbaijan,2/4/2024
637,User,Coneybeare,Hadria,hconeybeareho@symantec.com,414 984 9147,China,6/26/2023
638,User,Feldhorn,Holmes,hfeldhornhp@youtube.com,264 353 9559,Cambodia,11/4/2023
639,User,Dorton,Bettina,bdortonhq@prnewswire.com,990 783 6008,Philippines,10/24/2023
640,User,Bearcroft,Arther,abearcrofthr@uiuc.edu,395 350 9910,Afghanistan,3/10/2024
641,User,Collingdon,June,jcollingdonhs@naver.com,784 169 8747,France,8/25/2023
642,User,Becconsall,Valentine,vbecconsallht@cnn.com,319 616 1567,China,3/6/2024
643,User,Gavahan,Carr,cgavahanhu@linkedin.com,552 441 2868,Czech Republic,12/22/2023
644,User,Pigrome,Nedda,npigromehv@deliciousdays.com,137 790 9253,China,10/10/2023
645,User,Garnsey,Kerwinn,kgarnseyhw@ucsd.edu,596 269 2478,Sweden,3/7/2024
646,User,Gallafant,Romeo,rgallafanthx@surveymonkey.com,449 792 8836,China,3/18/2023
647,User,Dumingo,Kerri,kdumingohy@loc.gov,641 339 8307,Sweden,1/16/2024
648,User,MacShirrie,Editha,emacshirriehz@cnn.com,799 956 8743,China,11/19/2023
649,User,Brigshaw,Coreen,cbrigshawi0@wisc.edu,896 886 1923,Italy,12/18/2023
650,User,Abrashkov,Gerik,gabrashkovi1@sphinn.com,444 979 2960,Lebanon,10/26/2023
651,User,Reddihough,Ninnette,nreddihoughi2@amazon.de,411 464 1851,Russia,11/2/2023
652,User,Rault,Tarrah,traulti3@live.com,566 944 8178,Peru,6/6/2023
653,User,Iowarch,Quintilla,qiowarchi4@technorati.com,838 618 8482,Syria,12/10/2023
654,User,Dufton,Roy,rduftoni5@csmonitor.com,137 758 5473,China,1/8/2024
655,User,Gedge,Stuart,sgedgei6@mozilla.org,678 735 2426,Russia,9/17/2023
656,User,Quogan,Gustie,gquogani7@ucsd.edu,387 345 2581,Egypt,2/28/2024
657,User,Penvarne,Renaud,rpenvarnei8@surveymonkey.com,280 224 5842,Ukraine,10/30/2023
658,User,Lillecrap,Sissie,slillecrapi9@sohu.com,444 188 7982,Poland,9/16/2023
659,User,McCready,Galvin,gmccreadyia@fc2.com,271 874 0584,Mali,3/7/2024
660,User,Swalteridge,Coletta,cswalteridgeib@plala.or.jp,732 180 3555,Rwanda,8/6/2023
661,User,Quan,Rakel,rquanic@java.com,681 936 8440,China,9/11/2023
662,User,Jakubowicz,Maegan,mjakubowiczid@economist.com,148 615 2177,Colombia,4/9/2023
663,User,Foxton,Nikos,nfoxtonie@howstuffworks.com,826 290 8673,Greece,11/18/2023
664,User,McCamish,Nelli,nmccamishif@icio.us,696 405 4693,China,12/1/2023
665,User,Screeton,Tania,tscreetonig@ftc.gov,440 641 6194,China,2/6/2024
666,User,Accum,Dunc,daccumih@jimdo.com,626 446 1464,France,5/24/2023
667,User,Fleeming,June,jfleemingii@skype.com,682 511 0909,United States,5/1/2023
668,User,Rosindill,Augustina,arosindillij@ucsd.edu,411 276 2227,China,1/10/2024
669,User,Bleakman,Annnora,ableakmanik@miibeian.gov.cn,419 740 0574,Brazil,11/22/2023
670,User,Skace,Artie,askaceil@diigo.com,259 765 9404,Serbia,12/14/2023
671,User,Thorndycraft,Tedmund,tthorndycraftim@ovh.net,501 523 4997,Philippines,10/25/2023
672,User,Averies,Amie,aaveriesin@wisc.edu,285 774 6065,Thailand,3/13/2023
673,User,Ouchterlony,Nani,nouchterlonyio@dion.ne.jp,862 856 1376,China,3/23/2023
674,User,Haggar,Carey,chaggarip@sogou.com,727 705 4487,Honduras,5/16/2023
675,User,Pimerick,Ede,epimerickiq@alexa.com,939 929 4638,South Africa,9/24/2023
676,User,Janeczek,Gian,gjaneczekir@technorati.com,549 624 3811,Japan,2/17/2024
677,User,Dunkerley,Miquela,mdunkerleyis@instagram.com,793 285 0924,Czech Republic,3/14/2023
678,User,Burland,Marla,mburlandit@cbsnews.com,542 434 8239,Russia,4/20/2023
679,User,Caven,Monroe,mcaveniu@mail.ru,820 220 6586,Tajikistan,6/14/2023
680,User,Vellacott,Gray,gvellacottiv@guardian.co.uk,235 232 1780,China,8/21/2023
681,User,Drioli,Kerrin,kdrioliiw@flickr.com,596 743 5714,Japan,6/15/2023
682,User,Manie,Ardith,amanieix@unesco.org,570 382 3700,Cyprus,12/28/2023
683,User,Durward,Alric,adurwardiy@wsj.com,444 747 9984,China,3/12/2023
684,User,Cawthra,Edgardo,ecawthraiz@homestead.com,613 226 4657,China,6/27/2023
685,User,Newitt,Ambrose,anewittj0@google.com.br,761 846 8389,China,1/9/2024
686,User,Sreenan,Lammond,lsreenanj1@rakuten.co.jp,161 903 5518,China,9/16/2023
687,User,Broggetti,Gabriell,gbroggettij2@oracle.com,120 898 2268,Portugal,4/8/2023
688,User,Lippini,Melvyn,mlippinij3@meetup.com,818 169 1941,China,10/22/2023
689,User,Founds,Otha,ofoundsj4@ustream.tv,307 112 3163,Greece,5/10/2023
690,User,Skillman,Lorinda,lskillmanj5@scientificamerican.com,841 397 8279,Azerbaijan,11/29/2023
691,User,Duffitt,Peggy,pduffittj6@moonfruit.com,869 198 1934,Russia,6/10/2023
692,User,Mosley,Melli,mmosleyj7@flickr.com,950 639 2541,Indonesia,6/28/2023
693,User,enzley,Murial,menzleyj8@homestead.com,825 402 2287,China,4/23/2023
694,User,Karpenya,Willis,wkarpenyaj9@privacy.gov.au,396 469 7957,China,11/1/2023
695,User,Leah,Court,cleahja@yolasite.com,945 789 3770,China,12/31/2023
696,User,Firbanks,Elbertine,efirbanksjb@cdbaby.com,558 611 7094,Argentina,1/5/2024
697,User,Hoodlass,Xymenes,xhoodlassjc@businessweek.com,260 116 2499,San Marino,4/29/2023
698,User,Silley,Dennet,dsilleyjd@twitter.com,957 385 4710,Mali,6/21/2023
699,User,Grabbam,Dukey,dgrabbamje@ifeng.com,997 946 0934,Colombia,4/10/2023
700,User,Baroche,Maynard,mbarochejf@pbs.org,991 240 8216,Syria,8/5/2023
701,User,Cowle,Meggi,mcowlejg@cloudflare.com,919 676 5386,Norway,4/3/2023
702,User,Chamberlen,Jolyn,jchamberlenjh@topsy.com,135 598 6197,Russia,5/22/2023
703,User,Kirton,Fifine,fkirtonji@desdev.cn,351 731 7258,Sweden,11/16/2023
704,User,Larmour,Terrel,tlarmourjj@house.gov,323 108 9939,China,12/18/2023
705,User,Caile,Lyn,lcailejk@wunderground.com,156 143 8412,Guatemala,7/19/2023
706,User,Gynn,Florina,fgynnjl@aboutads.info,751 685 9570,Reunion,11/27/2023
707,User,Undy,Aubrey,aundyjm@businessweek.com,809 766 0482,Ghana,9/30/2023
708,User,Kummerlowe,Deva,dkummerlowejn@hexun.com,138 721 7562,Sri Lanka,8/6/2023
709,User,Adamthwaite,Evy,eadamthwaitejo@flickr.com,138 471 1100,Mexico,9/11/2023
710,User,Doleman,Junie,jdolemanjp@japanpost.jp,806 494 6673,Russia,3/3/2024
711,User,Landsbury,Lovell,llandsburyjq@oracle.com,582 394 8951,Philippines,7/22/2023
712,User,Artrick,Koo,kartrickjr@lycos.com,743 167 7523,Tajikistan,4/25/2023
713,User,Antognetti,Fina,fantognettijs@prlog.org,437 774 1676,Indonesia,12/12/2023
714,User,Harbert,Merla,mharbertjt@state.tx.us,485 966 2371,Philippines,7/23/2023
715,User,Pichan,Holmes,hpichanju@wunderground.com,510 406 5180,Czech Republic,11/12/2023
716,User,Tighe,Timmy,ttighejv@google.de,779 304 4190,Palau,1/15/2024
717,User,Lewisham,Salvidor,slewishamjw@huffingtonpost.com,568 241 5253,Indonesia,5/13/2023
718,User,Beament,Zerk,zbeamentjx@imageshack.us,492 420 4702,Indonesia,1/3/2024
719,User,McKenny,Janina,jmckennyjy@house.gov,549 110 3126,China,10/6/2023
720,User,Crosson,Cristina,ccrossonjz@timesonline.co.uk,516 611 0095,Russia,7/7/2023
721,User,Sarsfield,Gates,gsarsfieldk0@hao123.com,463 871 3333,Poland,7/22/2023
722,User,Trayling,Albrecht,atraylingk1@java.com,901 837 2953,Indonesia,12/2/2023
723,User,Fillingham,Izak,ifillinghamk2@usatoday.com,139 761 5570,Portugal,11/18/2023
724,User,Picard,Jackie,jpicardk3@dedecms.com,481 874 2671,China,10/14/2023
725,User,Matasov,Alana,amatasovk4@freewebs.com,690 917 7104,Russia,1/7/2024
726,User,Hundell,Sheilakathryn,shundellk5@meetup.com,261 112 5215,Czech Republic,5/26/2023
727,User,MacKellen,Krystyna,kmackellenk6@reference.com,998 749 6571,Peru,7/3/2023
728,User,Sacase,Huntley,hsacasek7@xrea.com,193 978 1605,Philippines,4/30/2023
729,User,Ugoni,Aldo,augonik8@hp.com,432 857 2521,China,8/12/2023
730,User,Blackway,Ellsworth,eblackwayk9@facebook.com,324 635 4128,China,5/7/2023
731,User,Doogue,Fergus,fdoogueka@tinyurl.com,629 774 8951,Ecuador,4/6/2023
732,User,Molder,Meir,mmolderkb@patch.com,905 165 8985,Portugal,9/11/2023
733,User,Trymme,Carrie,ctrymmekc@ed.gov,293 116 1138,Indonesia,8/7/2023
734,User,Wallen,Jacquenetta,jwallenkd@bandcamp.com,317 553 0028,Portugal,3/22/2023
735,User,Gabbitis,Shayne,sgabbitiske@topsy.com,955 436 0192,Ukraine,11/11/2023
736,User,Gerrelts,Meriel,mgerreltskf@alexa.com,440 741 1267,France,8/14/2023
737,User,Meekings,Elmo,emeekingskg@goo.gl,562 328 7247,Russia,8/14/2023
738,User,Denisovo,Hendrick,hdenisovokh@geocities.jp,168 960 3880,Philippines,2/2/2024
739,User,Lambersen,Lauraine,llambersenki@parallels.com,648 822 2003,China,4/7/2023
740,User,Hoolaghan,Tory,thoolaghankj@ustream.tv,874 358 5149,Canada,8/1/2023
741,User,Jessope,Lucia,ljessopekk@nature.com,273 805 8478,China,11/7/2023
742,User,Miquelet,Margaretha,mmiqueletkl@sbwire.com,970 220 1505,Albania,9/4/2023
743,User,Drayn,Sammie,sdraynkm@360.cn,194 414 1375,Thailand,12/14/2023
744,User,Jedraszek,Sibylla,sjedraszekkn@stumbleupon.com,468 868 0206,Greece,1/15/2024
745,User,Pash,Letisha,lpashko@princeton.edu,541 981 6822,South Africa,2/28/2024
746,User,Virgo,Karylin,kvirgokp@netvibes.com,242 301 3413,China,7/25/2023
747,User,Comiam,Blake,bcomiamkq@npr.org,644 735 8872,Serbia,8/10/2023
748,User,Bafford,Natalya,nbaffordkr@bigcartel.com,215 227 7816,Ukraine,5/12/2023
749,User,Tondeur,Jaime,jtondeurks@nydailynews.com,265 464 5110,Venezuela,4/11/2023
750,User,Bunclark,Garnette,gbunclarkkt@weather.com,680 687 2593,Macedonia,2/19/2024
751,User,Pulford,Amber,apulfordku@bloomberg.com,937 397 4018,China,7/29/2023
752,User,Mayfield,Doralin,dmayfieldkv@baidu.com,531 253 3338,China,10/6/2023
753,User,Pero,Vinni,vperokw@chicagotribune.com,687 287 4122,Angola,12/4/2023
754,User,McCafferky,Perceval,pmccafferkykx@xrea.com,643 891 3560,Finland,11/10/2023
755,User,Statersfield,Emlynn,estatersfieldky@yellowbook.com,215 996 9468,China,1/31/2024
756,User,Skune,Kitty,kskunekz@twitter.com,384 776 0326,Indonesia,12/4/2023
757,User,Marriot,Jennilee,jmarriotl0@japanpost.jp,336 615 1531,China,10/7/2023
758,User,Antony,Sherry,santonyl1@yale.edu,385 452 8697,Indonesia,3/11/2024
759,User,Danbi,Ara,adanbil2@yellowbook.com,186 135 1046,China,3/18/2023
760,User,Gilyott,Catina,cgilyottl3@bandcamp.com,638 591 1364,Ukraine,1/15/2024
761,User,Drinnan,Tiebout,tdrinnanl4@columbia.edu,641 956 8421,China,1/11/2024
762,User,Quodling,Pete,pquodlingl5@blogspot.com,327 118 0385,China,8/8/2023
763,User,Mordanti,Morly,mmordantil6@cmu.edu,326 654 4531,Thailand,6/18/2023
764,User,Dahlberg,Gray,gdahlbergl7@hao123.com,346 371 3647,Poland,5/14/2023
765,User,Dutson,Gunter,gdutsonl8@hostgator.com,111 655 6415,China,11/7/2023
766,User,Haskett,Patric,phaskettl9@opera.com,872 857 8683,Montenegro,5/23/2023
767,User,Readett,Luce,lreadettla@comsenz.com,941 232 2403,Japan,4/30/2023
768,User,Starbucke,Michal,mstarbuckelb@aboutads.info,276 260 6317,Sweden,4/17/2023
769,User,Pattillo,Joy,jpattillolc@free.fr,247 930 4656,China,10/11/2023
770,User,Skillern,Eirena,eskillernld@joomla.org,126 597 9385,Sweden,7/23/2023
771,User,Shellard,Shurlock,sshellardle@kickstarter.com,440 132 5618,Denmark,5/27/2023
772,User,Minchella,Happy,hminchellalf@odnoklassniki.ru,294 435 4269,China,9/16/2023
773,User,Weiner,Nicky,nweinerlg@mozilla.org,680 121 5127,Indonesia,3/17/2023
774,User,Danilenko,Noni,ndanilenkolh@smh.com.au,767 325 2322,China,9/26/2023
775,User,Ricciardelli,Michele,mricciardellili@a8.net,312 612 8161,Philippines,8/14/2023
776,User,Streatfeild,Corry,cstreatfeildlj@microsoft.com,181 994 8347,Argentina,1/19/2024
777,User,Greeding,Merla,mgreedinglk@canalblog.com,337 585 9283,Indonesia,10/5/2023
778,User,Millhill,Kristopher,kmillhillll@technorati.com,569 257 0832,Indonesia,2/15/2024
779,User,Medley,Emelyne,emedleylm@simplemachines.org,831 677 7324,Philippines,10/7/2023
780,User,Tandy,Mathilde,mtandyln@tripadvisor.com,884 633 6277,Russia,2/1/2024
781,User,Walkey,Sherwynd,swalkeylo@phpbb.com,147 639 8704,Poland,5/6/2023
782,User,Critoph,Thelma,tcritophlp@un.org,958 556 1036,Indonesia,4/1/2023
783,User,Johananov,Tiebout,tjohananovlq@imdb.com,944 240 5855,Philippines,7/13/2023
784,User,Rochell,Eugen,erochelllr@jugem.jp,964 733 2556,Ukraine,5/21/2023
785,User,Gotthard,Jaynell,jgotthardls@cam.ac.uk,529 424 0398,Indonesia,4/4/2023
786,User,Jurgenson,Griswold,gjurgensonlt@is.gd,935 420 4870,France,11/24/2023
787,User,Tefft,Carmon,ctefftlu@sciencedaily.com,465 270 5243,Indonesia,8/21/2023
788,User,Schruurs,Chrissie,cschruurslv@miitbeian.gov.cn,395 567 7846,China,7/14/2023
789,User,Petren,Rani,rpetrenlw@booking.com,538 501 7415,Russia,5/27/2023
790,User,Laetham,Kassie,klaethamlx@virginia.edu,637 370 4671,China,10/30/2023
791,User,de la Tremoille,Tobin,tdelatremoillely@telegraph.co.uk,393 811 6560,Palestinian Territory,6/27/2023
792,User,Joutapaitis,Crosby,cjoutapaitislz@hugedomains.com,263 277 7363,Macedonia,7/1/2023
793,User,Jervis,Talia,tjervism0@usgs.gov,397 396 6795,Argentina,7/6/2023
794,User,Handyside,Haley,hhandysidem1@ucoz.ru,261 428 5986,Nicaragua,12/3/2023
795,User,Curl,Gilbert,gcurlm2@mail.ru,138 248 3357,Pakistan,8/12/2023
796,User,Wittey,Elnora,ewitteym3@jalbum.net,342 828 3199,Mauritania,4/13/2023
797,User,Frascone,Eddie,efrasconem4@surveymonkey.com,470 247 6829,Portugal,7/11/2023
798,User,Lesurf,Andreana,alesurfm5@upenn.edu,561 598 7349,New Caledonia,8/17/2023
799,User,Brundell,Row,rbrundellm6@dropbox.com,918 453 6959,China,11/30/2023
800,User,Dives,Nathan,ndivesm7@amazonaws.com,266 403 6124,Tunisia,8/16/2023
801,User,Amber,Jeri,jamberm8@mail.ru,527 498 6155,Indonesia,5/13/2023
802,User,Salliere,Naoma,nsallierem9@surveymonkey.com,163 391 9332,Afghanistan,5/4/2023
803,User,Pfeiffer,Nonie,npfeifferma@netlog.com,687 553 8677,Indonesia,10/20/2023
804,User,Boman,Ermin,ebomanmb@example.com,679 790 3108,Greece,8/17/2023
805,User,Lanbertoni,Grier,glanbertonimc@google.ru,994 442 1454,China,1/20/2024
806,User,Hollerin,Valeda,vhollerinmd@cbsnews.com,207 286 8931,China,9/6/2023
807,User,Andreia,Whitney,wandreiame@google.cn,471 431 2109,Portugal,2/6/2024
808,User,Hablet,Natalee,nhabletmf@photobucket.com,538 577 1268,Philippines,7/17/2023
809,User,Karpenya,Cristabel,ckarpenyamg@wp.com,921 529 9026,Thailand,6/21/2023
810,User,Greeve,Katy,kgreevemh@feedburner.com,881 675 7427,Dominican Republic,7/27/2023
811,User,Keningley,Swen,skeningleymi@netvibes.com,349 755 4293,Israel,12/18/2023
812,User,Tuther,Pearle,ptuthermj@google.cn,493 460 4837,Vietnam,3/2/2024
813,User,Dominichelli,Danielle,ddominichellimk@youtu.be,219 136 6165,Indonesia,2/17/2024
814,User,Halewood,Jeffrey,jhalewoodml@nationalgeographic.com,918 950 2634,Peru,2/17/2024
815,User,Morewood,Scarlet,smorewoodmm@t.co,638 162 2708,Portugal,5/28/2023
816,User,Fidilis,Agatha,afidilismn@wsj.com,529 751 3490,Russia,12/24/2023
817,User,Francesconi,Allie,afrancesconimo@ucoz.com,609 177 0106,Russia,5/16/2023
818,User,Hallahan,Rosaleen,rhallahanmp@elpais.com,569 167 3571,Argentina,6/22/2023
819,User,Caddens,Dianne,dcaddensmq@tuttocitta.it,684 349 2579,Russia,9/25/2023
820,User,Bodell,Weston,wbodellmr@elegantthemes.com,939 752 7995,Norway,7/12/2023
821,User,Salzburg,Clement,csalzburgms@constantcontact.com,150 303 5287,China,11/5/2023
822,User,Outhwaite,Francene,fouthwaitemt@techcrunch.com,596 167 4782,Mali,4/3/2023
823,User,Betje,Somerset,sbetjemu@meetup.com,506 256 8193,Mexico,9/7/2023
824,User,Tuddenham,Howie,htuddenhammv@ifeng.com,767 764 6439,Guinea,5/29/2023
825,User,Pont,Morganica,mpontmw@princeton.edu,734 634 2329,Philippines,11/19/2023
826,User,Esmonde,Sigrid,sesmondemx@vimeo.com,108 374 8939,Azerbaijan,3/2/2024
827,User,Draude,Abner,adraudemy@columbia.edu,401 839 0531,Portugal,10/12/2023
828,User,Garett,Shamus,sgarettmz@webnode.com,812 256 0918,Kenya,1/7/2024
829,User,Andric,Nicola,nandricn0@symantec.com,869 247 1309,Chile,3/2/2024
830,User,Whitechurch,Molly,mwhitechurchn1@cnbc.com,347 760 1148,Czech Republic,12/8/2023
831,User,Lusher,Gael,glushern2@indiegogo.com,540 791 4255,China,2/19/2024
832,User,Medgwick,Stella,smedgwickn3@technorati.com,138 568 3124,China,9/19/2023
833,User,Vittle,Damara,dvittlen4@uol.com.br,905 560 6325,Philippines,3/13/2023
834,User,Wilder,Aloise,awildern5@posterous.com,828 801 5946,China,7/9/2023
835,User,MacNalley,Andonis,amacnalleyn6@yolasite.com,777 226 6729,Japan,10/27/2023
836,User,Friend,Felicdad,ffriendn7@liveinternet.ru,342 488 9822,Iran,4/24/2023
837,User,Pratt,Nadiya,nprattn8@woothemes.com,759 540 8743,Mali,1/30/2024
838,User,Lewzey,Valentin,vlewzeyn9@cnn.com,543 640 7115,Sweden,2/4/2024
839,User,Weldrake,Amata,aweldrakena@ifeng.com,507 764 7708,Armenia,4/24/2023
840,User,Itzkovsky,Rhea,ritzkovskynb@umn.edu,478 956 8522,China,10/6/2023
841,User,Georgins,Pamela,pgeorginsnc@ovh.net,992 575 2315,Poland,2/2/2024
842,User,Dungay,Bobina,bdungaynd@howstuffworks.com,767 800 5080,Indonesia,9/11/2023
843,User,Massimi,Heindrick,hmassimine@last.fm,878 431 4027,France,7/25/2023
844,User,Gynne,Mable,mgynnenf@apple.com,349 727 2600,China,11/24/2023
845,User,Gantz,Zachery,zgantzng@china.com.cn,742 312 7716,Cuba,6/2/2023
846,User,Laurant,Con,claurantnh@istockphoto.com,203 395 6755,United States,6/8/2023
847,User,Mattimoe,Margaretta,mmattimoeni@irs.gov,338 136 0751,Cuba,6/28/2023
848,User,Bucknell,Galina,gbucknellnj@mysql.com,868 564 4552,China,8/7/2023
849,User,Sadry,Silvana,ssadrynk@pagesperso-orange.fr,119 375 0827,Philippines,7/5/2023
850,User,Greensmith,Elsey,egreensmithnl@guardian.co.uk,370 269 0664,Montenegro,7/17/2023
851,User,Perrins,Mehetabel,mperrinsnm@pen.io,367 537 4405,Nigeria,3/30/2023
852,User,Dalbey,Torrin,tdalbeynn@chronoengine.com,553 642 9773,Gambia,4/20/2023
853,User,McNelly,Betta,bmcnellyno@printfriendly.com,310 537 8863,Vietnam,2/22/2024
854,User,Izard,Irma,iizardnp@sbwire.com,373 842 0941,Brazil,11/29/2023
855,User,Clapson,Bertrando,bclapsonnq@kickstarter.com,180 528 2896,Indonesia,8/28/2023
856,User,Wearne,Talyah,twearnenr@mapy.cz,455 363 8858,Brazil,9/23/2023
857,User,Becom,Dalli,dbecomns@networksolutions.com,260 356 9201,Philippines,5/10/2023
858,User,Angeau,Gerhardt,gangeaunt@google.com.hk,732 791 9100,Lithuania,8/10/2023
859,User,Crepin,Brewer,bcrepinnu@ucoz.ru,312 549 5416,Afghanistan,3/20/2023
860,User,Clapp,Babita,bclappnv@senate.gov,976 223 0202,South Africa,5/4/2023
861,User,Goatman,Dal,dgoatmannw@mac.com,921 822 8005,Portugal,11/9/2023
862,User,Conlaund,Jermayne,jconlaundnx@intel.com,387 545 4645,Poland,1/4/2024
863,User,MacGinlay,Verena,vmacginlayny@google.it,165 404 7634,China,8/12/2023
864,User,D'Alwis,Hardy,hdalwisnz@nih.gov,389 499 2799,China,6/19/2023
865,User,Pennycock,Anitra,apennycocko0@diigo.com,662 507 3482,Russia,11/14/2023
866,User,Fearns,Rancell,rfearnso1@bing.com,171 446 8981,Brazil,1/14/2024
867,User,Lugsdin,Lyndell,llugsdino2@guardian.co.uk,323 993 7016,Brazil,1/4/2024
868,User,Saltmarsh,Caralie,csaltmarsho3@mac.com,345 255 6536,South Korea,10/21/2023
869,User,Studdard,Mohandis,mstuddardo4@artisteer.com,571 225 4057,Russia,5/13/2023
870,User,Warlton,Margette,mwarltono5@jalbum.net,487 369 5093,China,6/1/2023
871,User,Perigeaux,Melosa,mperigeauxo6@skyrock.com,384 507 9544,Armenia,8/14/2023
872,User,Healks,Vilhelmina,vhealkso7@google.nl,839 388 2779,Philippines,8/4/2023
873,User,Pirozzi,Brear,bpirozzio8@taobao.com,883 397 0366,China,12/6/2023
874,User,Lutzmann,Abbey,alutzmanno9@constantcontact.com,873 157 8209,China,6/17/2023
875,User,Ernshaw,Jae,jernshawoa@gnu.org,442 498 7607,Indonesia,1/15/2024
876,User,Haselup,Fin,fhaselupob@lulu.com,899 918 5106,Brazil,6/29/2023
877,User,Traill,Benoit,btrailloc@de.vu,990 757 5074,China,11/9/2023
878,User,Baish,Junina,jbaishod@ed.gov,349 351 5431,Philippines,3/27/2023
879,User,Kynson,Ritchie,rkynsonoe@wikia.com,933 833 5347,Bolivia,11/20/2023
880,User,Nealey,Coralie,cnealeyof@rakuten.co.jp,801 926 0592,China,7/11/2023
881,User,Jeffry,Merwin,mjeffryog@princeton.edu,457 574 9137,Brazil,9/28/2023
882,User,Peet,Elisabet,epeetoh@twitpic.com,142 454 0941,Russia,5/7/2023
883,User,Kelleher,Bald,bkelleheroi@macromedia.com,643 823 5198,Portugal,4/18/2023
884,User,Boswood,Vladamir,vboswoodoj@vimeo.com,712 149 4956,Panama,4/24/2023
885,User,Wilstead,Araldo,awilsteadok@washingtonpost.com,829 502 5586,China,2/11/2024
886,User,Komorowski,Nance,nkomorowskiol@gravatar.com,368 396 7410,Indonesia,4/3/2023
887,User,Haw,Steffi,shawom@aol.com,769 383 0806,Japan,8/25/2023
888,User,Yeliashev,Lotte,lyeliashevon@prlog.org,296 775 7141,Kiribati,4/2/2023
889,User,Emanuele,Riki,remanueleoo@apple.com,518 261 4760,Russia,12/29/2023
890,User,Bartolomeotti,Katherine,kbartolomeottiop@hugedomains.com,979 665 1826,Russia,9/24/2023
891,User,Rushworth,Costa,crushworthoq@nbcnews.com,956 622 4891,Russia,11/21/2023
892,User,Manville,Fairleigh,fmanvilleor@163.com,991 181 6131,Peru,9/15/2023
893,User,Clubbe,Bee,bclubbeos@shop-pro.jp,333 680 7064,China,11/10/2023
894,User,Glassford,Kirstyn,kglassfordot@ycombinator.com,522 418 9868,New Zealand,12/21/2023
895,User,Dowglass,Georgie,gdowglassou@pagesperso-orange.fr,693 856 8724,Ukraine,10/31/2023
896,User,Fordyce,Richmond,rfordyceov@who.int,257 355 7171,France,1/20/2024
897,User,Davidsohn,Caddric,cdavidsohnow@i2i.jp,437 783 0734,Russia,11/19/2023
898,User,Lissemore,Brady,blissemoreox@reference.com,560 755 0866,China,3/18/2023
899,User,Dowding,Petra,pdowdingoy@google.fr,494 917 4612,China,7/8/2023
900,User,Fredson,Terrell,tfredsonoz@google.pl,601 347 2742,Philippines,12/9/2023
901,User,MacAskill,Tyson,tmacaskillp0@bbc.co.uk,650 160 7111,Tunisia,7/21/2023
902,User,Paget,Myrtice,mpagetp1@abc.net.au,421 880 6344,Portugal,3/11/2024
903,User,Serraillier,Brittani,bserraillierp2@techcrunch.com,405 154 2233,Luxembourg,7/7/2023
904,User,Paulus,Darleen,dpaulusp3@twitpic.com,684 558 3404,Indonesia,2/15/2024
905,User,Snarie,Melony,msnariep4@aboutads.info,177 211 8225,Poland,5/8/2023
906,User,Goding,Ethelred,egodingp5@unc.edu,208 521 3048,Senegal,2/21/2024
907,User,Jean,Ellswerth,ejeanp6@bbc.co.uk,905 269 3735,Mexico,7/25/2023
908,User,Jimmes,Haleigh,hjimmesp7@cornell.edu,786 453 7161,Greece,12/1/2023
909,User,McCaughran,Gabriel,gmccaughranp8@infoseek.co.jp,862 851 4620,Honduras,4/20/2023
910,User,Ricciardiello,Fernandina,fricciardiellop9@nsw.gov.au,110 157 1667,Argentina,7/17/2023
911,User,Woolliams,Shirleen,swoolliamspa@ucoz.ru,341 983 7122,Thailand,7/31/2023
912,User,O'Kinneally,Judy,jokinneallypb@webeden.co.uk,810 446 7444,Indonesia,11/21/2023
913,User,Jakaway,Elena,ejakawaypc@amazon.com,732 985 0897,Palestinian Territory,3/24/2023
914,User,Cretney,Letti,lcretneypd@ustream.tv,954 915 1364,China,7/6/2023
915,User,Mardoll,Aloysia,amardollpe@vistaprint.com,848 107 3326,Russia,9/9/2023
916,User,de Pinna,Elysee,edepinnapf@biglobe.ne.jp,306 816 6369,Honduras,1/29/2024
917,User,Cossentine,Judye,jcossentinepg@slashdot.org,148 480 6538,China,12/4/2023
918,User,Hanham,Maddalena,mhanhamph@fotki.com,346 306 8116,Poland,7/4/2023
919,User,Boal,Dania,dboalpi@multiply.com,936 379 3787,Peru,1/1/2024
920,User,Chellam,Ellswerth,echellampj@wunderground.com,839 258 3933,Poland,1/21/2024
921,User,Lammiman,Mycah,mlammimanpk@tripod.com,721 395 0802,Brazil,7/11/2023
922,User,Muckian,Burnaby,bmuckianpl@mashable.com,253 143 1422,China,4/11/2023
923,User,Kentish,Abagael,akentishpm@wufoo.com,694 453 7652,Poland,6/15/2023
924,User,Latchmore,Gail,glatchmorepn@uiuc.edu,180 493 1510,Nicaragua,11/16/2023
925,User,Fenelon,Gerianna,gfenelonpo@webnode.com,195 487 4280,Croatia,8/21/2023
926,User,Bison,Jane,jbisonpp@statcounter.com,408 899 9688,Czech Republic,6/30/2023
927,User,Klimpt,Margarethe,mklimptpq@mayoclinic.com,173 333 1302,Russia,12/18/2023
928,User,Gomar,Maison,mgomarpr@pen.io,548 499 3585,Indonesia,10/6/2023
929,User,Hindshaw,Angus,ahindshawps@ow.ly,583 947 0600,Russia,2/24/2024
930,User,Shrimpton,Constancia,cshrimptonpt@etsy.com,161 911 6866,China,11/3/2023
931,User,Palek,Fredric,fpalekpu@sohu.com,785 852 9103,Japan,5/13/2023
932,User,Chivrall,Demetria,dchivrallpv@oaic.gov.au,936 266 9856,Ukraine,5/25/2023
933,User,Gabbitas,Sileas,sgabbitaspw@yellowpages.com,246 692 7581,China,3/10/2024
934,User,Boshers,Jasmin,jbosherspx@uiuc.edu,807 172 4025,Albania,1/24/2024
935,User,Sentance,Jolynn,jsentancepy@blinklist.com,970 821 7234,Indonesia,2/27/2024
936,User,Bick,Humphrey,hbickpz@miibeian.gov.cn,320 361 9483,Russia,1/18/2024
937,User,Whitington,Arne,awhitingtonq0@stumbleupon.com,463 259 0466,Russia,8/17/2023
938,User,Hanshaw,Lanette,lhanshawq1@blogs.com,522 307 8384,Nicaragua,5/13/2023
939,User,Redwall,Loraine,lredwallq2@howstuffworks.com,689 989 0997,Indonesia,12/10/2023
940,User,Proud,Betta,bproudq3@gmpg.org,615 660 4833,Philippines,4/3/2023
941,User,Aaron,Reinhold,raaronq4@about.me,512 481 9895,Nigeria,3/21/2023
942,User,Goodisson,Natka,ngoodissonq5@ustream.tv,692 461 8938,China,5/22/2023
943,User,Doumerc,Siffre,sdoumercq6@storify.com,746 523 1936,China,4/14/2023
944,User,Buer,Miriam,mbuerq7@odnoklassniki.ru,199 681 7392,Czech Republic,11/5/2023
945,User,Jandak,Dareen,djandakq8@vkontakte.ru,788 889 2578,Indonesia,9/26/2023
946,User,Pawelec,Scotti,spawelecq9@devhub.com,688 471 3918,Portugal,5/15/2023
947,User,Haking,Terencio,thakingqa@foxnews.com,252 533 1697,China,7/19/2023
948,User,Hatto,Blake,bhattoqb@1und1.de,675 826 8026,Serbia,7/12/2023
949,User,Mallinder,Nicola,nmallinderqc@eventbrite.com,702 658 6933,Argentina,9/19/2023
950,User,Stonelake,Zachary,zstonelakeqd@biglobe.ne.jp,818 576 0868,Brazil,3/2/2024
951,User,Parton,Willow,wpartonqe@networksolutions.com,371 394 3078,Argentina,1/7/2024
952,User,Kermath,Drusi,dkermathqf@mac.com,945 279 9196,Norway,7/4/2023
953,User,Spurnier,Jordain,jspurnierqg@phoca.cz,126 839 7840,Jamaica,1/18/2024
954,User,Gerrans,Farand,fgerransqh@army.mil,540 360 1666,South Korea,10/19/2023
955,User,Maddison,Lannie,lmaddisonqi@hc360.com,790 399 8698,Canada,7/15/2023
956,User,Southorn,Hanna,hsouthornqj@usatoday.com,546 233 2327,Brazil,2/9/2024
957,User,Bockman,Johannah,jbockmanqk@usatoday.com,707 551 7993,Angola,10/1/2023
958,User,Ralestone,Pattie,pralestoneql@jiathis.com,678 835 0749,Chile,10/1/2023
959,User,Money,Ronny,rmoneyqm@soundcloud.com,559 566 6563,China,4/15/2023
960,User,Echelle,Alair,aechelleqn@ow.ly,557 691 9568,Russia,5/3/2023
961,User,Leversha,Marlin,mlevershaqo@java.com,354 747 3992,Bulgaria,3/20/2023
962,User,Hedaux,Candace,chedauxqp@sun.com,814 348 7393,China,2/15/2024
963,User,Hillan,Barnard,bhillanqq@reddit.com,988 472 8477,Slovenia,10/9/2023
964,User,McCaskill,Manya,mmccaskillqr@miitbeian.gov.cn,900 992 9686,China,11/23/2023
965,User,Ivashintsov,Cos,civashintsovqs@sciencedirect.com,780 353 9841,China,1/6/2024
966,User,McLenaghan,Baillie,bmclenaghanqt@bbb.org,757 454 4793,Indonesia,10/8/2023
967,User,Rylatt,Niven,nrylattqu@unblog.fr,747 278 4831,Netherlands,12/22/2023
968,User,Linn,Rene,rlinnqv@edublogs.org,843 218 0298,Indonesia,1/7/2024
969,User,Shingfield,Bryn,bshingfieldqw@bbc.co.uk,742 449 4579,Indonesia,11/2/2023
970,User,Devoy,Gustav,gdevoyqx@gravatar.com,635 902 1592,China,12/5/2023
971,User,Armor,Elihu,earmorqy@imgur.com,491 476 4770,Greece,11/10/2023
972,User,Dedney,Alexine,adedneyqz@usatoday.com,156 395 3173,China,12/30/2023
973,User,Plumtree,Aurelia,aplumtreer0@youtu.be,351 350 4804,Philippines,6/20/2023
974,User,Goodrick,Maye,mgoodrickr1@google.cn,503 124 1423,Philippines,8/11/2023
975,User,Moat,Lena,lmoatr2@plala.or.jp,571 669 4344,Philippines,10/21/2023
976,User,Bettam,Kitti,kbettamr3@mail.ru,828 319 2845,Nigeria,3/8/2024
977,User,Rankcom,Raye,rrankcomr4@who.int,151 742 9260,Japan,5/8/2023
978,User,Billson,Valene,vbillsonr5@sogou.com,200 936 7424,China,11/11/2023
979,User,Girardini,Ebenezer,egirardinir6@cnet.com,403 163 5013,Indonesia,2/21/2024
980,User,Hischke,Edgar,ehischker7@earthlink.net,396 650 0874,Niger,2/28/2024
981,User,Bruneau,Ruthe,rbruneaur8@slashdot.org,637 359 0075,Indonesia,5/22/2023
982,User,MacCaghan,Darlene,dmaccaghanr9@mail.ru,268 463 8227,Indonesia,1/9/2024
983,User,Landsman,Saloma,slandsmanra@cargocollective.com,555 872 4033,Netherlands,11/9/2023
984,User,Waldram,Jule,jwaldramrb@irs.gov,202 638 5048,Ireland,5/14/2023
985,User,Dewen,Norah,ndewenrc@yelp.com,380 797 7241,Philippines,4/7/2023
986,User,Normanton,Trixi,tnormantonrd@npr.org,287 957 7689,China,4/14/2023
987,User,Marikhin,Anabel,amarikhinre@lulu.com,532 609 9130,Russia,1/1/2024
988,User,Banford,Alexis,abanfordrf@mysql.com,548 596 2738,Indonesia,12/20/2023
989,User,Osgardby,Sergio,sosgardbyrg@delicious.com,691 856 1486,China,6/1/2023
990,User,Shopcott,Homerus,hshopcottrh@marketwatch.com,924 740 1190,China,5/21/2023
991,User,Lunt,Tony,tluntri@utexas.edu,863 990 0132,Portugal,3/2/2024
992,User,Porch,Elbertine,eporchrj@networksolutions.com,783 600 9787,Falkland Islands,9/16/2023
993,User,Duckers,Stu,sduckersrk@discovery.com,350 159 1972,China,7/19/2023
994,User,La Grange,Sidonnie,slagrangerl@time.com,987 619 2333,Brazil,10/11/2023
995,User,Westmore,Clerkclaude,cwestmorerm@columbia.edu,908 205 2406,Canada,2/23/2024
996,User,Gonsalvez,Andris,agonsalvezrn@auda.org.au,314 453 8164,Guatemala,11/29/2023
997,User,Robins,Thomas,trobinsro@weather.com,502 416 0341,Pakistan,3/23/2023
998,User,Ousby,Rabbi,rousbyrp@oracle.com,391 395 3567,Sweden,8/30/2023
999,User,Larmouth,Dallas,dlarmouthrq@ft.com,144 267 1727,France,12/27/2023
1000,User,Weddell,Stearne,sweddellrr@psu.edu,471 850 6897,Bangladesh,7/18/2023
