uid,user_role,name_first,name_last,email,phone,region,realm_id,created_at
1,neque,Agnella,Yushmanov,ayushmanov0@freewebs.com,+86 (345) 953-3857,China,2,2024-03-12T10:44:02
2,cras,Lottie,Ormerod,lormerod1@g.co,+62 (363) 774-9350,Indonesia,1,2024-03-12T10:44:02
3,erat,Kleon,Iwanowski,kiwanowski2@accuweather.com,+504 (449) 587-0231,Honduras,3,5/30/2023
4,pellentesque,Minni,Loftie,mloftie3@google.nl,+86 (260) 903-7344,China,2,5/27/2023
5,pede,Eduard,Zanni,ezanni4@issuu.com,+92 (832) 357-6397,Pakistan,1,5/5/2023
6,elementum,Heindrick,Croyden,hcroyden5@wufoo.com,+86 (903) 751-4628,China,2,9/26/2023
7,sed,Sashenka,Rottery,srottery6@reverbnation.com,+962 (870) 767-6882,Jordan,1,12/14/2023
8,nisi,Rodrique,Boscher,rboscher7@devhub.com,+62 (783) 448-2997,Indonesia,3,8/12/2023
9,curabitur,Danice,Tales,dtales8@howstuffworks.com,+234 (943) 701-5774,Nigeria,1,2/8/2024
10,nulla,Amabelle,Swinley,aswinley9@imgur.com,+66 (467) 623-3761,Thailand,3,8/13/2023
11,sapien,Jaine,Fealey,jfealeya@psu.edu,+48 (451) 296-2518,Poland,1,7/31/2023
12,nisl,Jacinta,Warke,jwarkeb@tinyurl.com,+62 (411) 456-2512,Indonesia,3,1/15/2024
13,lobortis,Dame,Muzzini,dmuzzinic@cisco.com,+7 (328) 623-7716,Russia,1,5/25/2023
14,lectus,Pate,Rosa,prosad@nymag.com,+63 (124) 916-6651,Philippines,2,2/2/2024
15,quisque,Kathe,Fausch,kfausche@goodreads.com,+51 (275) 772-6707,Peru,2,8/29/2023
16,felis,Georgia,Roddell,groddellf@twitpic.com,+62 (663) 644-8234,Indonesia,2,9/10/2023
17,porttitor,Vivie,Krabbe,vkrabbeg@goo.ne.jp,+1 (334) 252-2056,United States,1,4/9/2023
18,proin,Patrice,Gindghill,pgindghillh@geocities.jp,+7 (341) 457-6524,Russia,3,4/2/2023
19,sapien,Ninon,Berrigan,nberrigani@wp.com,+86 (389) 986-2329,China,2,3/31/2023
20,aliquet,Tan,Everex,teverexj@msu.edu,+1 (210) 920-7436,Canada,1,12/31/2023
21,ligula,Meggy,Paiton,mpaitonk@google.co.uk,+63 (432) 881-7050,Philippines,2,1/29/2024
22,id,Vivyanne,Gokes,vgokesl@pcworld.com,+46 (677) 195-8778,Sweden,1,8/2/2023
23,pellentesque,Saundra,Di Carlo,sdicarlom@t.co,+86 (971) 173-8312,China,2,12/19/2023
24,congue,Neely,Scragg,nscraggn@nyu.edu,+86 (822) 659-4449,China,1,10/18/2023
25,integer,Sunshine,Spinney,sspinneyo@disqus.com,+86 (724) 419-4577,China,3,2/11/2024
26,dictumst,Northrup,Arrell,narrellp@si.edu,+7 (475) 664-5035,Russia,1,9/27/2023
27,facilisi,Harley,Maruszewski,hmaruszewskiq@mac.com,+86 (898) 948-9755,China,2,1/12/2024
28,pede,Terry,Cothey,tcotheyr@is.gd,+86 (967) 246-0371,China,3,4/24/2023
29,mi,Jerome,Toope,jtoopes@shareasale.com,+86 (211) 558-1643,China,1,6/23/2023
30,donec,Ricoriki,Helversen,rhelversent@xrea.com,+86 (733) 481-3758,China,2,7/29/2023
31,pretium,Matias,Ongin,monginu@ted.com,+420 (962) 425-8759,Czech Republic,3,3/26/2023
32,rutrum,Miltie,Attoc,mattocv@reverbnation.com,+86 (200) 155-9637,China,2,1/11/2024
33,convallis,Marshall,Goldingay,mgoldingayw@unc.edu,+7 (319) 560-7589,Russia,1,6/16/2023
34,blandit,Debora,Myatt,dmyattx@usgs.gov,+62 (629) 216-7746,Indonesia,1,1/21/2024
35,ut,Megan,Blenkinship,mblenkinshipy@spiegel.de,+351 (335) 981-6325,Portugal,2,3/7/2024
36,donec,Garvey,Mantha,gmanthaz@wufoo.com,+225 (348) 136-3862,Ivory Coast,2,7/2/2023
37,hac,Teddy,MacGillespie,tmacgillespie10@woothemes.com,+355 (712) 834-0407,Albania,3,7/31/2023
38,nulla,Melitta,Allcott,mallcott11@prweb.com,+850 (860) 881-8282,North Korea,3,3/8/2024
39,eget,Nap,Stride,nstride12@webmd.com,+380 (896) 329-2971,Ukraine,2,8/16/2023
40,justo,Lodovico,Leavy,lleavy13@live.com,+63 (366) 605-7560,Philippines,1,9/18/2023
41,in,Ludvig,Widdall,lwiddall14@vkontakte.ru,+84 (171) 458-9057,Vietnam,3,2/6/2024
42,nisl,Renaldo,Ledson,rledson15@auda.org.au,+55 (263) 137-5582,Brazil,1,2/8/2024
43,lectus,Reynold,Edridge,redridge16@reverbnation.com,+86 (569) 554-7789,China,3,12/10/2023
44,enim,Robbin,Overel,roverel17@yandex.ru,+62 (980) 824-2284,Indonesia,2,10/7/2023
45,odio,Merwyn,Redhead,mredhead18@vkontakte.ru,+48 (909) 858-8135,Poland,2,3/5/2024
46,quis,Dedra,Crippen,dcrippen19@cam.ac.uk,+86 (471) 599-6276,China,3,4/16/2023
47,pede,Franchot,Elnough,felnough1a@squarespace.com,+46 (910) 357-2792,Sweden,2,12/20/2023
48,nunc,Tibold,Bostick,tbostick1b@vk.com,+374 (453) 992-8211,Armenia,1,7/5/2023
49,felis,Fair,Rickards,frickards1c@upenn.edu,+86 (922) 401-8157,China,2,6/6/2023
50,dis,Yance,Frankland,yfrankland1d@time.com,+81 (157) 790-2912,Japan,1,3/26/2023
51,nulla,Tootsie,Gerler,tgerler1e@geocities.com,+62 (400) 295-9848,Indonesia,1,12/10/2023
52,aliquet,Josie,Inggall,jinggall1f@google.com,+976 (399) 579-1284,Mongolia,1,10/15/2023
53,ipsum,Laural,Minico,lminico1g@netlog.com,+63 (932) 381-4457,Philippines,3,2/13/2024
54,blandit,Renie,Shipway,rshipway1h@china.com.cn,+970 (547) 389-7909,Palestinian Territory,3,5/20/2023
55,eu,Lydie,Gatherell,lgatherell1i@usda.gov,+976 (630) 100-4810,Mongolia,3,6/25/2023
56,consectetuer,Norma,Jorcke,njorcke1j@lulu.com,+92 (736) 721-9769,Pakistan,3,11/11/2023
57,lacus,Jocelyne,Lemery,jlemery1k@acquirethisname.com,+1 (620) 588-8643,Dominican Republic,2,5/30/2023
58,sagittis,Amalea,Batalle,abatalle1l@hc360.com,+385 (669) 382-9965,Croatia,3,7/10/2023
59,mollis,Jeannette,Rumbellow,jrumbellow1m@w3.org,+46 (328) 194-2007,Sweden,2,4/1/2023
60,lacus,Randolph,Harp,rharp1n@hexun.com,+62 (102) 330-7378,Indonesia,3,8/11/2023
61,mauris,Sloane,Rickertsen,srickertsen1o@issuu.com,+63 (125) 587-2998,Philippines,3,10/3/2023
62,orci,Jobye,Malser,jmalser1p@pcworld.com,+66 (330) 740-9695,Thailand,2,5/30/2023
63,mi,Tulley,Desson,tdesson1q@bandcamp.com,+351 (112) 444-6979,Portugal,3,6/10/2023
64,in,Ingmar,Goter,igoter1r@fotki.com,+351 (311) 279-2856,Portugal,1,6/7/2023
65,lectus,Esme,Ferriman,eferriman1s@comcast.net,+386 (198) 566-3329,Slovenia,1,10/18/2023
66,accumsan,Roderick,Coote,rcoote1t@mayoclinic.com,+86 (134) 579-9583,China,2,1/11/2024
67,sollicitudin,Quinn,Kneeland,qkneeland1u@theatlantic.com,+86 (364) 485-1444,China,3,3/19/2023
68,ut,Peggy,Haukey,phaukey1v@sbwire.com,+590 (822) 984-9711,Guadeloupe,1,6/18/2023
69,interdum,Terrence,Riach,triach1w@mozilla.org,+62 (255) 231-8019,Indonesia,1,8/5/2023
70,imperdiet,Hilly,Tierny,htierny1x@hao123.com,+66 (663) 676-8487,Thailand,1,12/13/2023
71,risus,Sallie,Fernley,sfernley1y@goodreads.com,+1 (469) 508-9708,United States,3,7/14/2023
72,justo,Riley,Rizzillo,rrizzillo1z@netscape.com,+255 (175) 734-6970,Tanzania,3,3/8/2024
73,at,Hali,Arno,harno20@gov.uk,+20 (577) 642-1458,Egypt,1,12/27/2023
74,in,Tobey,Bentson,tbentson21@istockphoto.com,+86 (735) 681-5504,China,1,7/8/2023
75,ut,Davita,Nelthorp,dnelthorp22@cloudflare.com,+63 (809) 659-1597,Philippines,3,6/24/2023
76,eget,Marleen,Heinle,mheinle23@jimdo.com,+86 (623) 115-5042,China,1,9/11/2023
77,lacus,Yasmin,Costellow,ycostellow24@berkeley.edu,+51 (599) 295-3183,Peru,3,8/17/2023
78,mi,Rea,Page,rpage25@unicef.org,+86 (242) 174-9544,China,1,12/27/2023
79,mauris,Nicolais,Bowne,nbowne26@sun.com,+356 (661) 954-9784,Malta,1,10/1/2023
80,amet,Idell,Blenkhorn,iblenkhorn27@unicef.org,+52 (619) 218-2258,Mexico,1,4/25/2023
81,sed,Masha,Pateman,mpateman28@hexun.com,+51 (937) 211-5609,Peru,3,12/7/2023
82,dapibus,Rozamond,Primak,rprimak29@51.la,+94 (107) 248-6805,Sri Lanka,3,9/15/2023
83,lacus,Theo,Hawse,thawse2a@networkadvertising.org,+62 (330) 447-6192,Indonesia,3,6/12/2023
84,cras,Bax,Conant,bconant2b@va.gov,+86 (505) 256-0029,China,1,10/22/2023
85,lacus,Web,Crosfeld,wcrosfeld2c@multiply.com,+86 (447) 503-7936,China,1,6/29/2023
86,praesent,Marcelline,Palphreyman,mpalphreyman2d@sbwire.com,+375 (984) 863-9966,Belarus,3,10/7/2023
87,nunc,Elladine,Ulster,eulster2e@acquirethisname.com,+86 (229) 714-7961,China,3,7/12/2023
88,nibh,Shalna,Jenson,sjenson2f@nationalgeographic.com,+66 (809) 751-0411,Thailand,1,7/2/2023
89,eros,Vincenz,Haydock,vhaydock2g@pinterest.com,+33 (882) 922-3122,France,2,8/16/2023
90,vestibulum,Romola,Fender,rfender2h@disqus.com,+1 (853) 112-8497,Dominican Republic,2,8/21/2023
91,in,Matt,Waddingham,mwaddingham2i@jugem.jp,+58 (963) 345-7212,Venezuela,1,12/12/2023
92,ut,Yves,Wiltshier,ywiltshier2j@hao123.com,+420 (452) 153-0015,Czech Republic,3,9/11/2023
93,aenean,Everard,Farbrother,efarbrother2k@ibm.com,+84 (765) 586-0512,Vietnam,2,5/14/2023
94,justo,Teddy,Collcutt,tcollcutt2l@google.com,+502 (400) 934-6351,Guatemala,2,5/27/2023
95,amet,Martica,Tooth,mtooth2m@wunderground.com,+86 (796) 754-0606,China,3,1/2/2024
96,ultrices,Quinta,Custy,qcusty2n@biglobe.ne.jp,+86 (609) 462-8166,China,3,4/17/2023
97,tortor,Elfie,M'Chirrie,emchirrie2o@psu.edu,+212 (283) 719-5276,Morocco,1,3/13/2023
98,vestibulum,Grace,Wormell,gwormell2p@t-online.de,+63 (813) 895-9503,Philippines,1,1/9/2024
99,eros,Karlens,Goodsall,kgoodsall2q@ocn.ne.jp,+62 (587) 348-9986,Indonesia,1,4/26/2023
100,molestie,Faustina,Cupper,fcupper2r@usnews.com,+62 (270) 332-4313,Indonesia,3,3/5/2024
